Source_Currency,Target_Currency,Mid_Market_Rate,Spread_Percent
INR,USD,0.01198,0.384
INR,EUR,0.01109259,0.331
INR,GBP,0.00935937,0.322
INR,JPY,1.79610195,0.446
INR,AED,0.04396814,1.138
INR,SAR,0.04492444,0.332
INR,BRL,0.0599,0.605
INR,LKR,3.5975976,1.849
INR,GHS,0.15973333,3.27
INR,PLN,0.04792,0.613
INR,IDR,190.15873016,1.08
INR,THB,0.43722628,0.344
INR,ZAR,0.22762683,0.57
INR,AUD,0.01820973,0.229
INR,NGN,14.975,2.851
INR,VND,299.5,2.618
INR,CAD,0.01629289,0.592
INR,CHF,0.01054243,0.368
INR,CNY,0.08625531,0.486
INR,KRW,15.97333333,1.004
INR,MYR,0.05630493,0.95
INR,PHP,0.67077268,1.018
INR,RUB,1.10211592,3.269
INR,TRY,0.38336,0.934
INR,ILS,0.04432604,1.188
INR,KWD,0.00367786,0.413
INR,MXN,0.20367222,0.356
INR,COP,46.07692308,1.947
INR,ARS,10.79279279,2.707
INR,PEN,0.04432604,1.546
INR,CLP,10.79279279,3.68
INR,ETB,0.68301026,2.985
INR,KES,1.55786736,2.377
INR,NPR,1.59308511,1.838
INR,MMK,24.95833333,1.981
INR,KHR,49.91666667,2.435
INR,MNT,41.31034483,3.335
INR,KZT,5.3963964,2.627
INR,UZS,152.22363405,1.755
INR,GEL,0.03174687,3.023
INR,AMD,4.64341085,2.188
INR,AZN,0.02036584,2.137
INR,HUF,4.24822695,0.864
INR,CZK,0.26957696,1.06
INR,DKK,0.08266059,0.613
INR,SEK,0.12459698,0.923
INR,NOK,0.12578748,0.953
INR,NZD,0.01964707,0.495
INR,IRR,503.36134454,2.93
USD,INR,83.47245409,0.496
USD,EUR,0.92592593,0.089
USD,GBP,0.78125,0.086
USD,JPY,149.92503748,0.12
USD,AED,3.67012882,0.242
USD,SAR,3.74995313,0.339
USD,BRL,5.0,0.438
USD,LKR,300.3003003,1.372
USD,GHS,13.33333333,1.783
USD,PLN,4.0,0.593
USD,IDR,15873.01587302,0.413
USD,THB,36.49635036,0.289
USD,ZAR,19.00057002,0.591
USD,AUD,1.52001094,0.083
USD,NGN,1250.0,1.182
USD,VND,25000.0,1.374
USD,CAD,1.36000762,0.119
USD,CHF,0.88000282,0.11
USD,CNY,7.1999424,0.093
USD,KRW,1333.33333333,0.213
USD,MYR,4.6999107,0.559
USD,PHP,55.99104143,0.342
USD,RUB,91.99632015,0.86
USD,TRY,32.0,0.433
USD,ILS,3.7000037,0.439
USD,KWD,0.3069999,0.318
USD,MXN,17.00102006,0.306
USD,COP,3846.15384615,1.893
USD,ARS,900.9009009,1.911
USD,PEN,3.7000037,1.113
USD,CLP,900.9009009,1.127
USD,ETB,57.01254276,1.881
USD,KES,130.0390117,1.464
USD,NPR,132.9787234,1.539
USD,MMK,2083.33333333,1.02
USD,KHR,4166.66666667,1.689
USD,MNT,3448.27586207,1.377
USD,KZT,450.45045045,1.673
USD,UZS,12706.48030496,1.365
USD,GEL,2.6499894,1.532
USD,AMD,387.59689922,0.876
USD,AZN,1.6999864,1.477
USD,HUF,354.60992908,0.202
USD,CZK,22.50225023,0.432
USD,DKK,6.8998827,0.365
USD,SEK,10.40041602,0.448
USD,NOK,10.49979,0.507
USD,NZD,1.6399895,0.123
USD,IRR,42016.80672269,1.34
EUR,INR,90.15025042,0.346
EUR,USD,1.08,0.103
EUR,GBP,0.84375,0.079
EUR,JPY,161.91904048,0.096
EUR,AED,3.96373913,0.326
EUR,SAR,4.04994938,0.432
EUR,BRL,5.4,0.475
EUR,LKR,324.32432432,0.977
EUR,GHS,14.4,0.856
EUR,PLN,4.32,0.278
EUR,IDR,17142.85714286,0.51
EUR,THB,39.41605839,0.385
EUR,ZAR,20.52061562,0.374
EUR,AUD,1.64161182,0.102
EUR,NGN,1350.0,1.686
EUR,VND,27000.0,1.112
EUR,CAD,1.46880823,0.131
EUR,CHF,0.95040304,0.1
EUR,CNY,7.77593779,0.131
EUR,KRW,1440.0,0.298
EUR,MYR,5.07590356,0.56
EUR,PHP,60.47032475,0.409
EUR,RUB,99.35602576,1.235
EUR,TRY,34.56,0.382
EUR,ILS,3.996004,0.374
EUR,KWD,0.3315599,0.391
EUR,MXN,18.36110167,0.46
EUR,COP,4153.84615385,1.198
EUR,ARS,972.97297297,1.586
EUR,PEN,3.996004,0.882
EUR,CLP,972.97297297,1.654
EUR,ETB,61.57354618,1.336
EUR,KES,140.44213264,0.877
EUR,NPR,143.61702128,0.827
EUR,MMK,2250.0,0.871
EUR,KHR,4500.0,1.89
EUR,MNT,3724.13793103,1.217
EUR,KZT,486.48648649,1.864
EUR,UZS,13722.99872935,1.646
EUR,GEL,2.86198855,0.992
EUR,AMD,418.60465116,1.424
EUR,AZN,1.83598531,1.545
EUR,HUF,382.9787234,0.404
EUR,CZK,24.30243024,0.248
EUR,DKK,7.45187332,0.242
EUR,SEK,11.2324493,0.522
EUR,NOK,11.3397732,0.492
EUR,NZD,1.77118866,0.039
EUR,IRR,45378.1512605,1.133
GBP,INR,106.84474124,0.313
GBP,USD,1.28,0.136
GBP,EUR,1.18518519,0.034
GBP,JPY,191.90404798,0.141
GBP,AED,4.69776489,0.443
GBP,SAR,4.79994,0.491
GBP,BRL,6.4,0.289
GBP,LKR,384.38438438,1.565
GBP,GHS,17.06666667,1.979
GBP,PLN,5.12,0.537
GBP,IDR,20317.46031746,0.393
GBP,THB,46.71532847,0.281
GBP,ZAR,24.32072962,0.386
GBP,AUD,1.94561401,0.036
GBP,NGN,1600.0,1.907
GBP,VND,32000.0,1.134
GBP,CAD,1.74080975,0.079
GBP,CHF,1.1264036,0.134
GBP,CNY,9.21592627,0.07
GBP,KRW,1706.66666667,0.52
GBP,MYR,6.0158857,0.299
GBP,PHP,71.66853303,0.443
GBP,RUB,117.75528979,1.194
GBP,TRY,40.96,0.317
GBP,ILS,4.73600474,0.497
GBP,KWD,0.39295988,0.49
GBP,MXN,21.76130568,0.297
GBP,COP,4923.07692308,0.823
GBP,ARS,1153.15315315,0.945
GBP,PEN,4.73600474,1.926
GBP,CLP,1153.15315315,1.514
GBP,ETB,72.97605473,1.854
GBP,KES,166.44993498,0.81
GBP,NPR,170.21276596,0.836
GBP,MMK,2666.66666667,0.975
GBP,KHR,5333.33333333,1.564
GBP,MNT,4413.79310345,1.91
GBP,KZT,576.57657658,1.455
GBP,UZS,16264.29479034,1.432
GBP,GEL,3.39198643,1.8
GBP,AMD,496.12403101,1.386
GBP,AZN,2.17598259,1.413
GBP,HUF,453.90070922,0.569
GBP,CZK,28.80288029,0.561
GBP,DKK,8.83184986,0.576
GBP,SEK,13.3125325,0.584
GBP,NOK,13.43973121,0.209
GBP,NZD,2.09918657,0.135
GBP,IRR,53781.51260504,1.039
JPY,INR,0.55676127,0.232
JPY,USD,0.00667,0.05
JPY,EUR,0.00617593,0.052
JPY,GBP,0.00521094,0.093
JPY,AED,0.02447976,0.403
JPY,SAR,0.02501219,0.387
JPY,BRL,0.03335,0.331
JPY,LKR,2.003003,1.579
JPY,GHS,0.08893333,1.911
JPY,PLN,0.02668,0.456
JPY,IDR,105.87301587,0.351
JPY,THB,0.24343066,0.334
JPY,ZAR,0.1267338,0.263
JPY,AUD,0.01013847,0.054
JPY,NGN,8.3375,1.035
JPY,VND,166.75,0.904
JPY,CAD,0.00907125,0.061
JPY,CHF,0.00586962,0.133
JPY,CNY,0.04802362,0.136
JPY,KRW,8.89333333,0.224
JPY,MYR,0.0313484,0.489
JPY,PHP,0.37346025,0.412
JPY,RUB,0.61361546,0.826
JPY,TRY,0.21344,0.212
JPY,ILS,0.02467902,0.299
JPY,KWD,0.00204769,0.578
JPY,MXN,0.1133968,0.417
JPY,COP,25.65384615,0.948
JPY,ARS,6.00900901,1.586
JPY,PEN,0.02467902,1.912
JPY,CLP,6.00900901,1.874
JPY,ETB,0.38027366,0.903
JPY,KES,0.86736021,1.313
JPY,NPR,0.88696809,1.288
JPY,MMK,13.89583333,1.138
JPY,KHR,27.79166667,1.139
JPY,MNT,23.0,1.773
JPY,KZT,3.0045045,1.523
JPY,UZS,84.75222363,0.818
JPY,GEL,0.01767543,1.376
JPY,AMD,2.58527132,1.019
JPY,AZN,0.01133891,1.255
JPY,HUF,2.36524823,0.529
JPY,CZK,0.15009001,0.538
JPY,DKK,0.04602222,0.36
JPY,SEK,0.06937077,0.455
JPY,NOK,0.0700336,0.353
JPY,NZD,0.01093873,0.092
JPY,IRR,280.25210084,1.195
AED,INR,22.74373957,0.969
AED,USD,0.27247,0.378
AED,EUR,0.25228704,0.298
AED,GBP,0.21286719,0.249
AED,JPY,40.85007496,0.444
AED,SAR,1.02174973,0.39
AED,BRL,1.36235,0.619
AED,LKR,81.82282282,2.124
AED,GHS,3.63293333,3.335
AED,PLN,1.08988,1.164
AED,IDR,4324.92063492,1.125
AED,THB,9.94416058,1.051
AED,ZAR,5.17708531,0.886
AED,AUD,0.41415738,0.528
AED,NGN,340.5875,3.359
AED,VND,6811.75,1.988
AED,CAD,0.37056128,0.418
AED,CHF,0.23977437,0.281
AED,CNY,1.96176831,0.505
AED,KRW,363.29333333,1.057
AED,MYR,1.28058467,0.648
AED,PHP,15.25587906,0.58
AED,RUB,25.06623735,2.823
AED,TRY,8.71904,0.638
AED,ILS,1.00814001,0.713
AED,KWD,0.08364826,0.616
AED,MXN,4.63226794,0.952
AED,COP,1047.96153846,1.656
AED,ARS,245.46846847,2.055
AED,PEN,1.00814001,1.932
AED,CLP,245.46846847,3.219
AED,ETB,15.53420753,3.936
AED,KES,35.43172952,1.91
AED,NPR,36.23271277,2.907
AED,MMK,567.64583333,2.92
AED,KHR,1135.29166667,1.861
AED,MNT,939.55172414,3.726
AED,KZT,122.73423423,2.308
AED,UZS,3462.13468869,3.809
AED,GEL,0.72204261,1.802
AED,AMD,105.60852713,3.253
AED,AZN,0.46319529,2.35
AED,HUF,96.62056738,0.564
AED,CZK,6.13118812,0.439
AED,DKK,1.88001104,0.71
AED,SEK,2.83380135,0.714
AED,NOK,2.86087778,1.151
AED,NZD,0.44684794,0.246
AED,IRR,11448.31932773,3.147
SAR,INR,22.25959933,0.696
SAR,USD,0.26667,0.501
SAR,EUR,0.24691667,0.264
SAR,GBP,0.20833594,0.566
SAR,JPY,39.98050975,0.313
SAR,AED,0.97871325,0.552
SAR,BRL,1.33335,1.128
SAR,LKR,80.08108108,1.531
SAR,GHS,3.5556,3.414
SAR,PLN,1.06668,1.112
SAR,IDR,4232.85714286,0.803
SAR,THB,9.73248175,1.197
SAR,ZAR,5.06688201,0.346
SAR,AUD,0.40534132,0.326
SAR,NGN,333.3375,2.122
SAR,VND,6666.75,3.399
SAR,CAD,0.36267323,0.24
SAR,CHF,0.23467035,0.227
SAR,CNY,1.92000864,0.541
SAR,KRW,355.56,0.785
SAR,MYR,1.25332519,0.389
SAR,PHP,14.93113102,0.836
SAR,RUB,24.53265869,3.307
SAR,TRY,8.53344,0.398
SAR,ILS,0.98667999,1.168
SAR,KWD,0.08186766,0.457
SAR,MXN,4.53366202,1.157
SAR,COP,1025.65384615,3.879
SAR,ARS,240.24324324,3.964
SAR,PEN,0.98667999,2.02
SAR,CLP,240.24324324,1.934
SAR,ETB,15.20353478,2.477
SAR,KES,34.67750325,1.95
SAR,NPR,35.46143617,1.949
SAR,MMK,555.5625,3.591
SAR,KHR,1111.125,1.766
SAR,MNT,919.55172414,3.01
SAR,KZT,120.12162162,2.802
SAR,UZS,3388.43710292,2.939
SAR,GEL,0.70667267,1.875
SAR,AMD,103.36046512,1.664
SAR,AZN,0.45333537,2.435
SAR,HUF,94.56382979,0.873
SAR,CZK,6.00067507,0.727
SAR,DKK,1.83999172,0.933
SAR,SEK,2.77347894,0.366
SAR,NOK,2.799979,1.062
SAR,NZD,0.437336,0.234
SAR,IRR,11204.62184874,2.4
BRL,INR,16.69449082,0.516
BRL,USD,0.2,0.476
BRL,EUR,0.18518519,0.253
BRL,GBP,0.15625,0.4
BRL,JPY,29.9850075,0.444
BRL,AED,0.73402576,1.143
BRL,SAR,0.74999063,0.74
BRL,LKR,60.06006006,1.709
BRL,GHS,2.66666667,2.934
BRL,PLN,0.8,0.877
BRL,IDR,3174.6031746,0.849
BRL,THB,7.29927007,0.88
BRL,ZAR,3.800114,0.713
BRL,AUD,0.30400219,0.387
BRL,NGN,250.0,2.178
BRL,VND,5000.0,1.511
BRL,CAD,0.27200152,0.412
BRL,CHF,0.17600056,0.572
BRL,CNY,1.43998848,0.546
BRL,KRW,266.66666667,0.921
BRL,MYR,0.93998214,0.415
BRL,PHP,11.19820829,0.508
BRL,RUB,18.39926403,3.8
BRL,TRY,6.4,0.659
BRL,ILS,0.74000074,0.959
BRL,KWD,0.06139998,0.795
BRL,MXN,3.40020401,0.395
BRL,COP,769.23076923,1.773
BRL,ARS,180.18018018,1.674
BRL,PEN,0.74000074,3.517
BRL,CLP,180.18018018,3.765
BRL,ETB,11.40250855,2.111
BRL,KES,26.00780234,2.511
BRL,NPR,26.59574468,2.64
BRL,MMK,416.66666667,1.691
BRL,KHR,833.33333333,2.528
BRL,MNT,689.65517241,2.314
BRL,KZT,90.09009009,1.523
BRL,UZS,2541.29606099,3.378
BRL,GEL,0.52999788,3.232
BRL,AMD,77.51937984,2.775
BRL,AZN,0.33999728,2.831
BRL,HUF,70.92198582,0.539
BRL,CZK,4.50045005,0.815
BRL,DKK,1.37997654,0.505
BRL,SEK,2.0800832,0.32
BRL,NOK,2.099958,0.929
BRL,NZD,0.3279979,0.205
BRL,IRR,8403.36134454,3.996
LKR,INR,0.27796327,1.587
LKR,USD,0.00333,1.456
LKR,EUR,0.00308333,1.386
LKR,GBP,0.00260156,0.819
LKR,JPY,0.49925037,1.111
LKR,AED,0.01222153,3.56
LKR,SAR,0.01248734,3.217
LKR,BRL,0.01665,2.118
LKR,GHS,0.0444,3.278
LKR,PLN,0.01332,1.603
LKR,IDR,52.85714286,2.338
LKR,THB,0.12153285,3.25
LKR,ZAR,0.0632719,1.514
LKR,AUD,0.00506164,1.695
LKR,NGN,4.1625,2.98
LKR,VND,83.25,3.3
LKR,CAD,0.00452883,1.155
LKR,CHF,0.00293041,0.928
LKR,CNY,0.02397581,1.77
LKR,KRW,4.44,1.838
LKR,MYR,0.0156507,1.857
LKR,PHP,0.18645017,2.765
LKR,RUB,0.30634775,3.155
LKR,TRY,0.10656,2.329
LKR,ILS,0.01232101,2.06
LKR,KWD,0.00102231,3.922
LKR,MXN,0.0566134,2.9
LKR,COP,12.80769231,2.543
LKR,ARS,3.0,2.682
LKR,PEN,0.01232101,2.978
LKR,CLP,3.0,4.744
LKR,ETB,0.18985177,4.591
LKR,KES,0.43302991,6.464
LKR,NPR,0.44281915,5.915
LKR,MMK,6.9375,5.544
LKR,KHR,13.875,4.397
LKR,MNT,11.48275862,4.403
LKR,KZT,1.5,3.052
LKR,UZS,42.31257942,6.474
LKR,GEL,0.00882446,3.896
LKR,AMD,1.29069767,5.848
LKR,AZN,0.00566095,6.313
LKR,HUF,1.18085106,3.209
LKR,CZK,0.07493249,1.763
LKR,DKK,0.02297661,2.971
LKR,SEK,0.03463339,1.741
LKR,NOK,0.0349643,3.004
LKR,NZD,0.00546117,0.882
LKR,IRR,139.91596639,4.751
GHS,INR,6.26043406,3.483
GHS,USD,0.075,1.036
GHS,EUR,0.06944444,1.594
GHS,GBP,0.05859375,1.518
GHS,JPY,11.24437781,1.202
GHS,AED,0.27525966,3.737
GHS,SAR,0.28124648,1.992
GHS,BRL,0.375,2.471
GHS,LKR,22.52252252,5.344
GHS,PLN,0.3,3.527
GHS,IDR,1190.47619048,2.671
GHS,THB,2.73722628,2.424
GHS,ZAR,1.42504275,3.221
GHS,AUD,0.11400082,1.986
GHS,NGN,93.75,5.672
GHS,VND,1875.0,3.229
GHS,CAD,0.10200057,1.938
GHS,CHF,0.06600021,1.411
GHS,CNY,0.53999568,1.618
GHS,KRW,100.0,3.836
GHS,MYR,0.3524933,1.944
GHS,PHP,4.19932811,3.094
GHS,RUB,6.89972401,5.431
GHS,TRY,2.4,1.533
GHS,ILS,0.27750028,2.107
GHS,KWD,0.02302499,3.005
GHS,MXN,1.2750765,3.471
GHS,COP,288.46153846,4.12
GHS,ARS,67.56756757,4.019
GHS,PEN,0.27750028,3.485
GHS,CLP,67.56756757,2.566
GHS,ETB,4.27594071,6.121
GHS,KES,9.75292588,5.605
GHS,NPR,9.97340426,4.586
GHS,MMK,156.25,4.628
GHS,KHR,312.5,3.595
GHS,MNT,258.62068966,4.861
GHS,KZT,33.78378378,2.988
GHS,UZS,952.98602287,3.117
GHS,GEL,0.19874921,4.642
GHS,AMD,29.06976744,5.375
GHS,AZN,0.12749898,3.32
GHS,HUF,26.59574468,3.863
GHS,CZK,1.68766877,3.603
GHS,DKK,0.5174912,3.895
GHS,SEK,0.7800312,2.876
GHS,NOK,0.78748425,2.834
GHS,NZD,0.12299921,1.234
GHS,IRR,3151.2605042,3.72
PLN,INR,20.86811352,0.54
PLN,USD,0.25,0.329
PLN,EUR,0.23148148,0.465
PLN,GBP,0.1953125,0.22
PLN,JPY,37.48125937,0.569
PLN,AED,0.91753221,0.412
PLN,SAR,0.93748828,1.036
PLN,BRL,1.25,0.661
PLN,LKR,75.07507508,3.862
PLN,GHS,3.33333333,2.78
PLN,IDR,3968.25396825,0.468
PLN,THB,9.12408759,0.612
PLN,ZAR,4.7501425,0.631
PLN,AUD,0.38000274,0.55
PLN,NGN,312.5,2.355
PLN,VND,6250.0,2.776
PLN,CAD,0.3400019,0.434
PLN,CHF,0.2200007,0.216
PLN,CNY,1.7999856,0.545
PLN,KRW,333.33333333,0.598
PLN,MYR,1.17497768,1.189
PLN,PHP,13.99776036,1.152
PLN,RUB,22.99908004,2.447
PLN,TRY,8.0,0.711
PLN,ILS,0.92500093,0.958
PLN,KWD,0.07674998,0.406
PLN,MXN,4.25025502,0.573
PLN,COP,961.53846154,2.057
PLN,ARS,225.22522523,3.258
PLN,PEN,0.92500093,3.101
PLN,CLP,225.22522523,3.86
PLN,ETB,14.25313569,1.783
PLN,KES,32.50975293,1.508
PLN,NPR,33.24468085,2.256
PLN,MMK,520.83333333,2.308
PLN,KHR,1041.66666667,3.991
PLN,MNT,862.06896552,2.957
PLN,KZT,112.61261261,1.936
PLN,UZS,3176.62007624,3.452
PLN,GEL,0.66249735,1.882
PLN,AMD,96.89922481,3.086
PLN,AZN,0.4249966,2.744
PLN,HUF,88.65248227,0.94
PLN,CZK,5.62556256,0.569
PLN,DKK,1.72497068,0.684
PLN,SEK,2.600104,0.635
PLN,NOK,2.6249475,0.594
PLN,NZD,0.40999738,0.494
PLN,IRR,10504.20168067,3.786
IDR,INR,0.00525876,0.722
IDR,USD,6.3e-05,0.293
IDR,EUR,5.833e-05,0.375
IDR,GBP,4.922e-05,0.317
IDR,JPY,0.00944528,0.446
IDR,AED,0.00023122,0.43
IDR,SAR,0.00023625,1.023
IDR,BRL,0.000315,0.777
IDR,LKR,0.01891892,3.747
IDR,GHS,0.00084,3.649
IDR,PLN,0.000252,0.864
IDR,THB,0.00229927,1.117
IDR,ZAR,0.00119704,0.972
IDR,AUD,9.576e-05,0.492
IDR,NGN,0.07875,1.596
IDR,VND,1.575,2.884
IDR,CAD,8.568e-05,0.462
IDR,CHF,5.544e-05,0.341
IDR,CNY,0.0004536,0.525
IDR,KRW,0.084,0.963
IDR,MYR,0.00029609,1.072
IDR,PHP,0.00352744,0.431
IDR,RUB,0.00579577,3.088
IDR,TRY,0.002016,0.932
IDR,ILS,0.0002331,0.766
IDR,KWD,1.934e-05,0.737
IDR,MXN,0.00107106,0.379
IDR,COP,0.24230769,2.042
IDR,ARS,0.05675676,2.89
IDR,PEN,0.0002331,1.542
IDR,CLP,0.05675676,2.122
IDR,ETB,0.00359179,2.064
IDR,KES,0.00819246,2.695
IDR,NPR,0.00837766,1.582
IDR,MMK,0.13125,2.635
IDR,KHR,0.2625,3.526
IDR,MNT,0.21724138,3.37
IDR,KZT,0.02837838,3.51
IDR,UZS,0.80050826,2.414
IDR,GEL,0.00016695,2.459
IDR,AMD,0.0244186,3.433
IDR,AZN,0.0001071,3.244
IDR,HUF,0.02234043,1.182
IDR,CZK,0.00141764,0.588
IDR,DKK,0.00043469,0.961
IDR,SEK,0.00065523,0.508
IDR,NOK,0.00066149,1.065
IDR,NZD,0.00010332,0.452
IDR,IRR,2.64705882,2.44
THB,INR,2.28714524,1.15
THB,USD,0.0274,0.293
THB,EUR,0.02537037,0.285
THB,GBP,0.02140625,0.467
THB,JPY,4.10794603,0.537
THB,AED,0.10056153,0.489
THB,SAR,0.10274872,0.662
THB,BRL,0.137,0.881
THB,LKR,8.22822823,3.328
THB,GHS,0.36533333,2.818
THB,PLN,0.1096,0.311
THB,IDR,434.92063492,0.62
THB,ZAR,0.52061562,0.707
THB,AUD,0.0416483,0.237
THB,NGN,34.25,1.841
THB,VND,685.0,2.969
THB,CAD,0.03726421,0.397
THB,CHF,0.02411208,0.554
THB,CNY,0.19727842,0.333
THB,KRW,36.53333333,0.385
THB,MYR,0.12877755,0.87
THB,PHP,1.53415454,0.967
THB,RUB,2.52069917,2.331
THB,TRY,0.8768,0.596
THB,ILS,0.1013801,1.172
THB,KWD,0.0084118,0.899
THB,MXN,0.46582795,0.844
THB,COP,105.38461538,1.876
THB,ARS,24.68468468,1.579
THB,PEN,0.1013801,1.582
THB,CLP,24.68468468,3.449
THB,ETB,1.56214367,1.542
THB,KES,3.56306892,2.761
THB,NPR,3.64361702,1.669
THB,MMK,57.08333333,3.57
THB,KHR,114.16666667,2.845
THB,MNT,94.48275862,2.865
THB,KZT,12.34234234,2.936
THB,UZS,348.15756036,2.161
THB,GEL,0.07260971,3.348
THB,AMD,10.62015504,1.825
THB,AZN,0.04657963,1.806
THB,HUF,9.71631206,1.013
THB,CZK,0.61656166,0.766
THB,DKK,0.18905679,0.951
THB,SEK,0.2849714,0.508
THB,NOK,0.28769425,1.111
THB,NZD,0.04493571,0.527
THB,IRR,1151.2605042,2.513
ZAR,INR,4.39315526,1.169
ZAR,USD,0.05263,0.559
ZAR,EUR,0.04873148,0.46
ZAR,GBP,0.04111719,0.362
ZAR,JPY,7.89055472,0.4
ZAR,AED,0.19315888,0.472
ZAR,SAR,0.19736003,0.828
ZAR,BRL,0.26315,0.787
ZAR,LKR,15.8048048,3.022
ZAR,GHS,0.70173333,3.726
ZAR,PLN,0.21052,0.335
ZAR,IDR,835.3968254,0.486
ZAR,THB,1.92080292,0.923
ZAR,AUD,0.07999818,0.362
ZAR,NGN,65.7875,2.071
ZAR,VND,1315.75,1.582
ZAR,CAD,0.0715772,0.408
ZAR,CHF,0.04631455,0.517
ZAR,CNY,0.37893297,0.447
ZAR,KRW,70.17333333,0.886
ZAR,MYR,0.2473563,0.64
ZAR,PHP,2.94680851,0.716
ZAR,RUB,4.84176633,2.115
ZAR,TRY,1.68416,1.071
ZAR,ILS,0.19473119,0.474
ZAR,KWD,0.0161574,1.039
ZAR,MXN,0.89476369,1.068
ZAR,COP,202.42307692,3.818
ZAR,ARS,47.41441441,3.646
ZAR,PEN,0.19473119,2.923
ZAR,CLP,47.41441441,3.746
ZAR,ETB,3.00057013,2.032
ZAR,KES,6.84395319,2.471
ZAR,NPR,6.99867021,2.167
ZAR,MMK,109.64583333,2.923
ZAR,KHR,219.29166667,3.647
ZAR,MNT,181.48275862,3.565
ZAR,KZT,23.70720721,2.98
ZAR,UZS,668.74205845,3.149
ZAR,GEL,0.13946894,3.538
ZAR,AMD,20.39922481,2.801
ZAR,AZN,0.08947028,3.284
ZAR,HUF,18.66312057,0.465
ZAR,CZK,1.18429343,0.656
ZAR,DKK,0.36314083,0.457
ZAR,SEK,0.54737389,1.074
ZAR,NOK,0.55260395,0.306
ZAR,NZD,0.08631265,0.561
ZAR,IRR,2211.34453782,1.941
AUD,INR,54.91569282,0.308
AUD,USD,0.65789,0.068
AUD,EUR,0.60915741,0.112
AUD,GBP,0.51397656,0.072
AUD,JPY,98.63418291,0.045
AUD,AED,2.41454105,0.554
AUD,SAR,2.46705666,0.48
AUD,BRL,3.28945,0.377
AUD,LKR,197.56456456,0.848
AUD,GHS,8.77186667,1.544
AUD,PLN,2.63156,0.237
AUD,IDR,10442.6984127,0.466
AUD,THB,24.01058394,0.23
AUD,ZAR,12.50028501,0.39
AUD,NGN,822.3625,0.988
AUD,VND,16447.25,1.328
AUD,CAD,0.89473541,0.13
AUD,CHF,0.57894505,0.066
AUD,CNY,4.73677011,0.117
AUD,KRW,877.18666667,0.306
AUD,MYR,3.09202425,0.597
AUD,PHP,36.83594625,0.278
AUD,RUB,60.52345906,1.577
AUD,TRY,21.05248,0.255
AUD,ILS,2.43419543,0.389
AUD,KWD,0.20197217,0.533
AUD,MXN,11.18480109,0.36
AUD,COP,2530.34615385,1.199
AUD,ARS,592.69369369,1.671
AUD,PEN,2.43419543,1.506
AUD,CLP,592.69369369,1.736
AUD,ETB,37.50798176,1.733
AUD,KES,85.55136541,1.217
AUD,NPR,87.48537234,1.65
AUD,MMK,1370.60416667,1.689
AUD,KHR,2741.20833333,1.047
AUD,MNT,2268.5862069,1.26
AUD,KZT,296.34684685,1.32
AUD,UZS,8359.46632783,0.949
AUD,GEL,1.74340153,1.836
AUD,AMD,254.99612403,1.136
AUD,AZN,1.11840405,1.611
AUD,HUF,233.29432624,0.398
AUD,CZK,14.8040054,0.321
AUD,DKK,4.53936383,0.416
AUD,SEK,6.84232969,0.374
AUD,NOK,6.90770685,0.474
AUD,NZD,1.07893269,0.064
AUD,IRR,27642.43697479,0.944
NGN,INR,0.06677796,3.055
NGN,USD,0.0008,1.976
NGN,EUR,0.00074074,1.99
NGN,GBP,0.000625,1.432
NGN,JPY,0.11994003,1.348
NGN,AED,0.0029361,2.901
NGN,SAR,0.00299996,3.495
NGN,BRL,0.004,3.974
NGN,LKR,0.24024024,4.453
NGN,GHS,0.01066667,2.88
NGN,PLN,0.0032,1.701
NGN,IDR,12.6984127,3.838
NGN,THB,0.02919708,1.979
NGN,ZAR,0.01520046,3.016
NGN,AUD,0.00121601,1.496
NGN,VND,20.0,5.555
NGN,CAD,0.00108801,0.875
NGN,CHF,0.000704,1.585
NGN,CNY,0.00575995,1.446
NGN,KRW,1.06666667,1.976
NGN,MYR,0.00375993,2.144
NGN,PHP,0.04479283,2.032
NGN,RUB,0.07359706,6.069
NGN,TRY,0.0256,3.924
NGN,ILS,0.00296,2.876
NGN,KWD,0.0002456,1.671
NGN,MXN,0.01360082,1.87
NGN,COP,3.07692308,2.948
NGN,ARS,0.72072072,5.6
NGN,PEN,0.00296,3.122
NGN,CLP,0.72072072,5.012
NGN,ETB,0.04561003,6.359
NGN,KES,0.10403121,2.854
NGN,NPR,0.10638298,4.745
NGN,MMK,1.66666667,6.261
NGN,KHR,3.33333333,3.971
NGN,MNT,2.75862069,3.832
NGN,KZT,0.36036036,4.207
NGN,UZS,10.16518424,2.849
NGN,GEL,0.00211999,4.559
NGN,AMD,0.31007752,4.652
NGN,AZN,0.00135999,2.691
NGN,HUF,0.28368794,1.961
NGN,CZK,0.0180018,2.019
NGN,DKK,0.00551991,1.789
NGN,SEK,0.00832033,2.661
NGN,NOK,0.00839983,2.222
NGN,NZD,0.00131199,0.825
NGN,IRR,33.61344538,2.9
VND,INR,0.0033389,3.437
VND,USD,4e-05,1.997
VND,EUR,3.704e-05,1.293
VND,GBP,3.125e-05,1.24
VND,JPY,0.005997,1.658
VND,AED,0.00014681,1.555
VND,SAR,0.00015,1.755
VND,BRL,0.0002,1.786
VND,LKR,0.01201201,5.489
VND,GHS,0.00053333,4.621
VND,PLN,0.00016,3.291
VND,IDR,0.63492063,3.047
VND,THB,0.00145985,2.678
VND,ZAR,0.00076002,2.042
VND,AUD,6.08e-05,1.008
VND,NGN,0.05,5.704
VND,CAD,5.44e-05,1.568
VND,CHF,3.52e-05,1.391
VND,CNY,0.000288,0.928
VND,KRW,0.05333333,3.91
VND,MYR,0.000188,1.993
VND,PHP,0.00223964,1.714
VND,RUB,0.00367985,4.021
VND,TRY,0.00128,1.696
VND,ILS,0.000148,2.15
VND,KWD,1.228e-05,1.947
VND,MXN,0.00068004,1.501
VND,COP,0.15384615,5.049
VND,ARS,0.03603604,3.223
VND,PEN,0.000148,6.28
VND,CLP,0.03603604,4.047
VND,ETB,0.0022805,3.081
VND,KES,0.00520156,4.358
VND,NPR,0.00531915,3.267
VND,MMK,0.08333333,2.624
VND,KHR,0.16666667,4.557
VND,MNT,0.13793103,2.685
VND,KZT,0.01801802,3.6
VND,UZS,0.50825921,4.878
VND,GEL,0.000106,4.577
VND,AMD,0.01550388,4.373
VND,AZN,6.8e-05,5.37
VND,HUF,0.0141844,3.98
VND,CZK,0.00090009,1.97
VND,DKK,0.000276,3.616
VND,SEK,0.00041602,2.376
VND,NOK,0.00041999,2.298
VND,NZD,6.56e-05,1.364
VND,IRR,1.68067227,2.533
CAD,INR,61.37646077,0.357
CAD,USD,0.73529,0.105
CAD,EUR,0.68082407,0.055
CAD,GBP,0.57444531,0.098
CAD,JPY,110.23838081,0.034
CAD,AED,2.69860902,0.537
CAD,SAR,2.75730303,0.425
CAD,BRL,3.67645,0.255
CAD,LKR,220.80780781,1.903
CAD,GHS,9.80386667,1.714
CAD,PLN,2.94116,0.225
CAD,IDR,11671.26984127,0.263
CAD,THB,26.83540146,0.356
CAD,ZAR,13.97092913,0.496
CAD,AUD,1.11764885,0.144
CAD,NGN,919.1125,1.595
CAD,VND,18382.25,1.525
CAD,CHF,0.64705727,0.105
CAD,CNY,5.29404565,0.118
CAD,KRW,980.38666667,0.379
CAD,MYR,3.45579734,0.557
CAD,PHP,41.16965286,0.273
CAD,RUB,67.64397424,1.573
CAD,TRY,23.52928,0.465
CAD,ILS,2.72057572,0.473
CAD,KWD,0.22573396,0.439
CAD,MXN,12.50068004,0.512
CAD,COP,2828.03846154,1.521
CAD,ARS,662.42342342,1.856
CAD,PEN,2.72057572,1.217
CAD,CLP,662.42342342,1.037
CAD,ETB,41.92075257,1.903
CAD,KES,95.61638492,1.673
CAD,NPR,97.77792553,1.543
CAD,MMK,1531.85416667,2.0
CAD,KHR,3063.70833333,1.802
CAD,MNT,2535.48275862,0.916
CAD,KZT,331.21171171,1.586
CAD,UZS,9342.94790343,1.05
CAD,GEL,1.94851071,0.88
CAD,AMD,284.99612403,1.587
CAD,AZN,1.249983,1.036
CAD,HUF,260.74113475,0.377
CAD,CZK,16.54567957,0.45
CAD,DKK,5.07341475,0.261
CAD,SEK,7.64732189,0.241
CAD,NOK,7.72039059,0.514
CAD,NZD,1.20586788,0.094
CAD,IRR,30894.53781513,1.143
CHF,INR,94.85475793,0.489
CHF,USD,1.13636,0.079
CHF,EUR,1.05218519,0.087
CHF,GBP,0.88778125,0.058
CHF,JPY,170.36881559,0.147
CHF,AED,4.17058759,0.359
CHF,SAR,4.26129673,0.529
CHF,BRL,5.6818,0.268
CHF,LKR,341.24924925,1.655
CHF,GHS,15.15146667,1.944
CHF,PLN,4.54544,0.49
CHF,IDR,18037.46031746,0.242
CHF,THB,41.4729927,0.338
CHF,ZAR,21.59148774,0.291
CHF,AUD,1.72727964,0.129
CHF,NGN,1420.45,1.066
CHF,VND,28409.0,1.203
CHF,CAD,1.54545825,0.137
CHF,CNY,8.18172655,0.096
CHF,KRW,1515.14666667,0.272
CHF,MYR,5.34079052,0.55
CHF,PHP,63.62597984,0.596
CHF,RUB,104.54093836,1.319
CHF,TRY,36.36352,0.574
CHF,ILS,4.2045362,0.239
CHF,KWD,0.34886241,0.3
CHF,MXN,19.31927916,0.521
CHF,COP,4370.61538462,1.023
CHF,ARS,1023.74774775,1.045
CHF,PEN,4.2045362,0.846
CHF,CLP,1023.74774775,1.219
CHF,ETB,64.78677309,0.944
CHF,KES,147.77113134,1.724
CHF,NPR,151.11170213,1.765
CHF,MMK,2367.41666667,1.724
CHF,KHR,4734.83333333,1.746
CHF,MNT,3918.48275862,1.706
CHF,KZT,511.87387387,1.958
CHF,UZS,14439.13595934,1.692
CHF,GEL,3.01134195,1.64
CHF,AMD,440.4496124,0.966
CHF,AZN,1.93179655,1.201
CHF,HUF,402.96453901,0.237
CHF,CZK,25.57065707,0.206
CHF,DKK,7.84075071,0.256
CHF,SEK,11.81861674,0.225
CHF,NOK,11.93154137,0.468
CHF,NZD,1.86361847,0.128
CHF,IRR,47746.21848739,1.445
CNY,INR,11.59348915,0.284
CNY,USD,0.13889,0.062
CNY,EUR,0.12860185,0.094
CNY,GBP,0.10850781,0.093
CNY,JPY,20.82308846,0.087
CNY,AED,0.50974419,0.415
CNY,SAR,0.52083099,0.351
CNY,BRL,0.69445,0.265
CNY,LKR,41.70870871,0.839
CNY,GHS,1.85186667,0.952
CNY,PLN,0.55556,0.39
CNY,IDR,2204.6031746,0.297
CNY,THB,5.0689781,0.269
CNY,ZAR,2.63898917,0.309
CNY,AUD,0.21111432,0.14
CNY,NGN,173.6125,1.445
CNY,VND,3472.25,1.553
CNY,CAD,0.18889146,0.077
CNY,CHF,0.12222359,0.147
CNY,KRW,185.18666667,0.561
CNY,MYR,0.6527706,0.514
CNY,PHP,7.77659574,0.403
CNY,RUB,12.77736891,1.232
CNY,TRY,4.44448,0.476
CNY,ILS,0.51389351,0.526
CNY,KWD,0.04263922,0.487
CNY,MXN,2.36127168,0.582
CNY,COP,534.19230769,1.337
CNY,ARS,125.12612613,1.792
CNY,PEN,0.51389351,1.007
CNY,CLP,125.12612613,0.934
CNY,ETB,7.91847206,1.405
CNY,KES,18.06111834,1.678
CNY,NPR,18.46941489,1.557
CNY,MMK,289.35416667,1.686
CNY,KHR,578.70833333,1.373
CNY,MNT,478.93103448,1.271
CNY,KZT,62.56306306,1.676
CNY,UZS,1764.80304956,1.378
CNY,GEL,0.36805703,1.99
CNY,AMD,53.83333333,1.499
CNY,AZN,0.23611111,1.448
CNY,HUF,49.25177305,0.227
CNY,CZK,3.12533753,0.313
CNY,DKK,0.95832471,0.297
CNY,SEK,1.44451378,0.433
CNY,NOK,1.45831583,0.557
CNY,NZD,0.22777814,0.104
CNY,IRR,5835.71428571,1.155
KRW,INR,0.06260434,0.606
KRW,USD,0.00075,0.336
KRW,EUR,0.00069444,0.561
KRW,GBP,0.00058594,0.546
KRW,JPY,0.11244378,0.452
KRW,AED,0.0027526,0.392
KRW,SAR,0.00281246,0.783
KRW,BRL,0.00375,0.518
KRW,LKR,0.22522523,1.904
KRW,GHS,0.01,3.484
KRW,PLN,0.003,0.73
KRW,IDR,11.9047619,0.466
KRW,THB,0.02737226,0.935
KRW,ZAR,0.01425043,0.955
KRW,AUD,0.00114001,0.316
KRW,NGN,0.9375,2.22
KRW,VND,18.75,2.182
KRW,CAD,0.00102001,0.245
KRW,CHF,0.00066,0.532
KRW,CNY,0.00539996,0.318
KRW,MYR,0.00352493,0.534
KRW,PHP,0.04199328,0.521
KRW,RUB,0.06899724,3.2
KRW,TRY,0.024,0.961
KRW,ILS,0.002775,0.981
KRW,KWD,0.00023025,0.948
KRW,MXN,0.01275077,0.556
KRW,COP,2.88461538,2.379
KRW,ARS,0.67567568,1.722
KRW,PEN,0.002775,3.901
KRW,CLP,0.67567568,3.48
KRW,ETB,0.04275941,2.191
KRW,KES,0.09752926,1.755
KRW,NPR,0.09973404,3.695
KRW,MMK,1.5625,2.554
KRW,KHR,3.125,3.207
KRW,MNT,2.5862069,2.724
KRW,KZT,0.33783784,3.15
KRW,UZS,9.52986023,3.184
KRW,GEL,0.00198749,3.878
KRW,AMD,0.29069767,2.204
KRW,AZN,0.00127499,3.834
KRW,HUF,0.26595745,0.885
KRW,CZK,0.01687669,0.582
KRW,DKK,0.00517491,0.767
KRW,SEK,0.00780031,0.567
KRW,NOK,0.00787484,0.329
KRW,NZD,0.00122999,0.362
KRW,IRR,31.51260504,3.575
MYR,INR,17.76043406,0.511
MYR,USD,0.21277,0.203
MYR,EUR,0.19700926,0.324
MYR,GBP,0.16622656,0.5
MYR,JPY,31.89955022,0.476
MYR,AED,0.78089331,0.612
MYR,SAR,0.79787753,0.511
MYR,BRL,1.06385,0.743
MYR,LKR,63.89489489,3.793
MYR,GHS,2.83693333,3.664
MYR,PLN,0.85108,1.04
MYR,IDR,3377.3015873,0.553
MYR,THB,7.76532847,1.027
MYR,ZAR,4.04275128,0.802
MYR,AUD,0.32341273,0.556
MYR,NGN,265.9625,3.607
MYR,VND,5319.25,2.813
MYR,CAD,0.28936882,0.396
MYR,CHF,0.1872382,0.389
MYR,CNY,1.53193174,0.27
MYR,KRW,283.69333333,0.9
MYR,PHP,11.91321389,1.124
MYR,RUB,19.57405704,2.345
MYR,TRY,6.80864,0.569
MYR,ILS,0.78724979,1.118
MYR,KWD,0.06532037,0.67
MYR,MXN,3.61730704,0.423
MYR,COP,818.34615385,3.317
MYR,ARS,191.68468468,2.867
MYR,PEN,0.78724979,2.558
MYR,CLP,191.68468468,2.939
MYR,ETB,12.13055872,2.922
MYR,KES,27.66840052,1.91
MYR,NPR,28.29388298,3.304
MYR,MMK,443.27083333,2.549
MYR,KHR,886.54166667,2.95
MYR,MNT,733.68965517,2.394
MYR,KZT,95.84234234,1.901
MYR,UZS,2703.55781449,1.971
MYR,GEL,0.56383824,2.146
MYR,AMD,82.46899225,1.935
MYR,AZN,0.36170611,2.24
MYR,HUF,75.45035461,1.182
MYR,CZK,4.78780378,1.002
MYR,DKK,1.46808804,0.437
MYR,SEK,2.21289652,0.78
MYR,NOK,2.23404032,0.903
MYR,NZD,0.34894057,0.284
MYR,IRR,8939.91596639,3.016
PHP,INR,1.49081803,0.738
PHP,USD,0.01786,0.248
PHP,EUR,0.01653704,0.485
PHP,GBP,0.01395313,0.372
PHP,JPY,2.67766117,0.596
PHP,AED,0.0655485,0.483
PHP,SAR,0.06697416,0.675
PHP,BRL,0.0893,1.145
PHP,LKR,5.36336336,1.982
PHP,GHS,0.23813333,3.394
PHP,PLN,0.07144,1.078
PHP,IDR,283.49206349,0.983
PHP,THB,0.65182482,0.878
PHP,ZAR,0.33935018,1.146
PHP,AUD,0.0271474,0.463
PHP,NGN,22.325,1.77
PHP,VND,446.5,3.425
PHP,CAD,0.02428974,0.333
PHP,CHF,0.01571685,0.528
PHP,CNY,0.12859097,0.471
PHP,KRW,23.81333333,0.606
PHP,MYR,0.08394041,0.579
PHP,RUB,1.64305428,2.769
PHP,TRY,0.57152,0.563
PHP,ILS,0.06608207,0.669
PHP,KWD,0.00548302,0.488
PHP,MXN,0.30363822,1.033
PHP,COP,68.69230769,3.127
PHP,ARS,16.09009009,3.63
PHP,PEN,0.06608207,1.525
PHP,CLP,16.09009009,3.096
PHP,ETB,1.01824401,2.898
PHP,KES,2.32249675,2.612
PHP,NPR,2.375,2.582
PHP,MMK,37.20833333,1.544
PHP,KHR,74.41666667,3.509
PHP,MNT,61.5862069,3.692
PHP,KZT,8.04504505,2.062
PHP,UZS,226.93773825,2.493
PHP,GEL,0.04732881,1.776
PHP,AMD,6.92248062,1.75
PHP,AZN,0.03036176,2.389
PHP,HUF,6.33333333,0.447
PHP,CZK,0.40189019,0.664
PHP,DKK,0.12323191,0.402
PHP,SEK,0.18575143,0.578
PHP,NOK,0.18752625,0.945
PHP,NZD,0.02929021,0.383
PHP,IRR,750.42016807,3.894
RUB,INR,0.90734558,2.738
RUB,USD,0.01087,1.028
RUB,EUR,0.01006481,1.895
RUB,GBP,0.00849219,0.801
RUB,JPY,1.62968516,1.7
RUB,AED,0.0398943,3.032
RUB,SAR,0.04076199,3.771
RUB,BRL,0.05435,3.637
RUB,LKR,3.26426426,5.054
RUB,GHS,0.14493333,5.687
RUB,PLN,0.04348,2.729
RUB,IDR,172.53968254,1.531
RUB,THB,0.39671533,3.264
RUB,ZAR,0.2065362,2.725
RUB,AUD,0.01652252,1.393
RUB,NGN,13.5875,5.06
RUB,VND,271.75,5.88
RUB,CAD,0.01478328,0.98
RUB,CHF,0.00956563,1.743
RUB,CNY,0.07826337,1.486
RUB,KRW,14.49333333,3.215
RUB,MYR,0.05108803,1.805
RUB,PHP,0.60862262,2.369
RUB,TRY,0.34784,2.524
RUB,ILS,0.04021904,3.866
RUB,KWD,0.00333709,2.363
RUB,MXN,0.18480109,1.944
RUB,COP,41.80769231,2.539
RUB,ARS,9.79279279,3.66
RUB,PEN,0.04021904,2.813
RUB,CLP,9.79279279,3.865
RUB,ETB,0.61972634,6.485
RUB,KES,1.41352406,6.349
RUB,NPR,1.44547872,3.242
RUB,MMK,22.64583333,4.463
RUB,KHR,45.29166667,3.846
RUB,MNT,37.48275862,6.496
RUB,KZT,4.8963964,6.058
RUB,UZS,138.11944091,5.707
RUB,GEL,0.02880538,6.348
RUB,AMD,4.21317829,4.867
RUB,AZN,0.01847885,4.497
RUB,HUF,3.85460993,2.456
RUB,CZK,0.24459946,3.704
RUB,DKK,0.07500172,2.23
RUB,SEK,0.11305252,2.8
RUB,NOK,0.11413272,3.279
RUB,NZD,0.01782669,1.02
RUB,IRR,456.72268908,2.615
TRY,INR,2.60851419,1.021
TRY,USD,0.03125,0.365
TRY,EUR,0.02893519,0.486
TRY,GBP,0.02441406,0.508
TRY,JPY,4.68515742,0.439
TRY,AED,0.11469153,0.588
TRY,SAR,0.11718604,1.015
TRY,BRL,0.15625,1.057
TRY,LKR,9.38438438,3.252
TRY,GHS,0.41666667,3.747
TRY,PLN,0.125,0.995
TRY,IDR,496.03174603,0.585
TRY,THB,1.14051095,0.644
TRY,ZAR,0.59376781,0.96
TRY,AUD,0.04750034,0.299
TRY,NGN,39.0625,2.567
TRY,VND,781.25,2.513
TRY,CAD,0.04250024,0.348
TRY,CHF,0.02750009,0.393
TRY,CNY,0.2249982,0.451
TRY,KRW,41.66666667,0.974
TRY,MYR,0.14687221,0.949
TRY,PHP,1.74972004,0.77
TRY,RUB,2.874885,2.659
TRY,ILS,0.11562512,1.115
TRY,KWD,0.00959375,1.066
TRY,MXN,0.53128188,0.81
TRY,COP,120.19230769,3.361
TRY,ARS,28.15315315,2.329
TRY,PEN,0.11562512,1.562
TRY,CLP,28.15315315,2.485
TRY,ETB,1.78164196,2.375
TRY,KES,4.06371912,2.009
TRY,NPR,4.15558511,2.015
TRY,MMK,65.10416667,2.005
TRY,KHR,130.20833333,3.243
TRY,MNT,107.75862069,1.965
TRY,KZT,14.07657658,1.573
TRY,UZS,397.07750953,2.585
TRY,GEL,0.08281217,3.794
TRY,AMD,12.1124031,2.602
TRY,AZN,0.05312458,2.681
TRY,HUF,11.08156028,1.002
TRY,CZK,0.70319532,1.007
TRY,DKK,0.21562133,1.028
TRY,SEK,0.325013,0.461
TRY,NOK,0.32811844,1.066
TRY,NZD,0.05124967,0.579
TRY,IRR,1313.02521008,3.778
ILS,INR,22.56010017,1.173
ILS,USD,0.27027,0.364
ILS,EUR,0.25025,0.386
ILS,GBP,0.21114844,0.551
ILS,JPY,40.52023988,0.35
ILS,AED,0.99192572,0.442
ILS,SAR,1.01349983,0.839
ILS,BRL,1.35135,0.644
ILS,LKR,81.16216216,3.312
ILS,GHS,3.6036,2.938
ILS,PLN,1.08108,0.533
ILS,IDR,4290.0,0.46
ILS,THB,9.86386861,0.345
ILS,ZAR,5.13528406,0.904
ILS,AUD,0.41081336,0.264
ILS,NGN,337.8375,2.256
ILS,VND,6756.75,2.618
ILS,CAD,0.36756926,0.35
ILS,CHF,0.23783836,0.51
ILS,CNY,1.94592843,0.336
ILS,KRW,360.36,0.594
ILS,MYR,1.27024487,0.886
ILS,PHP,15.13269877,0.908
ILS,RUB,24.86384545,3.883
ILS,TRY,8.64864,0.533
ILS,KWD,0.08297286,0.457
ILS,MXN,4.59486569,0.317
ILS,COP,1039.5,3.122
ILS,ARS,243.48648649,2.736
ILS,PEN,1.0,1.695
ILS,CLP,243.48648649,3.595
ILS,ETB,15.40877993,2.362
ILS,KES,35.14564369,1.899
ILS,NPR,35.94015957,1.815
ILS,MMK,563.0625,3.256
ILS,KHR,1126.125,2.585
ILS,MNT,931.96551724,2.927
ILS,KZT,121.74324324,3.1
ILS,UZS,3434.18043202,2.632
ILS,GEL,0.71621264,3.848
ILS,AMD,104.75581395,2.028
ILS,AZN,0.45945532,3.308
ILS,HUF,95.84042553,0.328
ILS,CZK,6.08168317,0.487
ILS,DKK,1.8648313,0.391
ILS,SEK,2.81092044,0.47
ILS,NOK,2.83777824,0.555
ILS,NZD,0.44323996,0.252
ILS,IRR,11355.88235294,1.976
KWD,INR,271.89732888,0.445
KWD,USD,3.25733,0.534
KWD,EUR,3.0160463,0.293
KWD,GBP,2.54478906,0.46
KWD,JPY,488.35532234,0.564
KWD,AED,11.95482071,1.193
KWD,SAR,12.21483481,0.575
KWD,BRL,16.28665,1.163
KWD,LKR,978.17717718,3.524
KWD,GHS,43.43106667,2.636
KWD,PLN,13.02932,0.667
KWD,IDR,51703.65079365,1.104
KWD,THB,118.88065693,0.578
KWD,ZAR,61.89112673,0.484
KWD,AUD,4.95117725,0.437
KWD,NGN,4071.6625,1.914
KWD,VND,81433.25,2.09
KWD,CAD,4.42999361,0.466
KWD,CHF,2.86645957,0.492
KWD,CNY,23.45258838,0.584
KWD,KRW,4343.10666667,0.487
KWD,MYR,15.30916013,0.516
KWD,PHP,182.38129899,0.916
KWD,RUB,299.66237351,3.919
KWD,TRY,104.23456,0.502
KWD,ILS,12.05213305,0.961
KWD,MXN,55.37793268,0.462
KWD,COP,12528.19230769,1.792
KWD,ARS,2934.53153153,2.792
KWD,PEN,12.05213305,3.821
KWD,CLP,2934.53153153,2.488
KWD,ETB,185.70866591,2.937
KWD,KES,423.57997399,2.343
KWD,NPR,433.15558511,3.698
KWD,MMK,6786.10416667,2.081
KWD,KHR,13572.20833333,2.374
KWD,MNT,11232.17241379,2.386
KWD,KZT,1467.26576577,3.113
KWD,UZS,41389.19949174,1.958
KWD,GEL,8.63188997,3.892
KWD,AMD,1262.53100775,2.475
KWD,AZN,5.5374167,3.613
KWD,HUF,1155.08156028,0.595
KWD,CZK,73.29725473,1.114
KWD,DKK,22.47519492,0.808
KWD,SEK,33.8775871,0.452
KWD,NOK,34.20128097,1.159
KWD,NZD,5.34198701,0.231
KWD,IRR,136862.60504202,2.301
MXN,INR,4.90984975,0.706
MXN,USD,0.05882,0.441
MXN,EUR,0.05446296,0.401
MXN,GBP,0.04595312,0.313
MXN,JPY,8.8185907,0.268
MXN,AED,0.21587698,0.787
MXN,SAR,0.22057224,0.717
MXN,BRL,0.2941,0.381
MXN,LKR,17.66366366,1.828
MXN,GHS,0.78426667,1.648
MXN,PLN,0.23528,0.344
MXN,IDR,933.65079365,0.473
MXN,THB,2.14671533,1.051
MXN,ZAR,1.11761353,0.483
MXN,AUD,0.08940704,0.523
MXN,NGN,73.525,2.18
MXN,VND,1470.5,3.548
MXN,CAD,0.07999565,0.383
MXN,CHF,0.05176177,0.553
MXN,CNY,0.42350061,0.283
MXN,KRW,78.42666667,0.734
MXN,MYR,0.27644875,1.133
MXN,PHP,3.29339306,0.871
MXN,RUB,5.41122355,2.972
MXN,TRY,1.88224,1.091
MXN,ILS,0.21763422,0.898
MXN,KWD,0.01805773,0.993
MXN,COP,226.23076923,3.789
MXN,ARS,52.99099099,2.087
MXN,PEN,0.21763422,3.763
MXN,CLP,52.99099099,3.603
MXN,ETB,3.35347777,2.493
MXN,KES,7.64889467,3.181
MXN,NPR,7.82180851,3.951
MXN,MMK,122.54166667,3.492
MXN,KHR,245.08333333,2.173
MXN,MNT,202.82758621,2.185
MXN,KZT,26.4954955,1.935
MXN,UZS,747.39517154,2.634
MXN,GEL,0.15587238,1.688
MXN,AMD,22.79844961,3.43
MXN,AZN,0.0999932,2.785
MXN,HUF,20.85815603,0.632
MXN,CZK,1.32358236,1.119
MXN,DKK,0.4058511,1.067
MXN,SEK,0.61175247,1.064
MXN,NOK,0.61759765,0.362
MXN,NZD,0.09646418,0.488
MXN,IRR,2471.42857143,3.124
COP,INR,0.02170284,1.572
COP,USD,0.00026,0.979
COP,EUR,0.00024074,1.54
COP,GBP,0.00020312,1.818
COP,JPY,0.03898051,1.077
COP,AED,0.00095423,3.323
COP,SAR,0.00097499,2.688
COP,BRL,0.0013,1.93
COP,LKR,0.07807808,4.022
COP,GHS,0.00346667,2.591
COP,PLN,0.00104,1.747
COP,IDR,4.12698413,1.903
COP,THB,0.00948905,2.098
COP,ZAR,0.00494015,2.717
COP,AUD,0.0003952,1.404
COP,NGN,0.325,3.362
COP,VND,6.5,4.747
COP,CAD,0.0003536,1.41
COP,CHF,0.0002288,1.326
COP,CNY,0.00187199,1.271
COP,KRW,0.34666667,1.745
COP,MYR,0.00122198,2.316
COP,PHP,0.01455767,2.382
COP,RUB,0.02391904,2.98
COP,TRY,0.00832,2.501
COP,ILS,0.000962,1.656
COP,KWD,7.982e-05,3.419
COP,MXN,0.00442027,1.527
COP,ARS,0.23423423,3.424
COP,PEN,0.000962,4.087
COP,CLP,0.23423423,5.007
COP,ETB,0.01482326,6.299
COP,KES,0.03381014,2.937
COP,NPR,0.03457447,6.142
COP,MMK,0.54166667,5.47
COP,KHR,1.08333333,6.263
COP,MNT,0.89655172,5.111
COP,KZT,0.11711712,2.83
COP,UZS,3.30368488,5.792
COP,GEL,0.000689,4.874
COP,AMD,0.10077519,3.263
COP,AZN,0.000442,4.405
COP,HUF,0.09219858,1.936
COP,CZK,0.00585059,1.697
COP,DKK,0.00179397,3.578
COP,SEK,0.00270411,3.028
COP,NOK,0.00272995,2.307
COP,NZD,0.0004264,1.257
COP,IRR,10.92436975,3.474
ARS,INR,0.09265442,2.022
ARS,USD,0.00111,1.632
ARS,EUR,0.00102778,1.158
ARS,GBP,0.00086719,1.102
ARS,JPY,0.16641679,1.408
ARS,AED,0.00407384,3.119
ARS,SAR,0.00416245,3.538
ARS,BRL,0.00555,1.8
ARS,LKR,0.33333333,3.392
ARS,GHS,0.0148,3.964
ARS,PLN,0.00444,3.531
ARS,IDR,17.61904762,3.288
ARS,THB,0.04051095,3.939
ARS,ZAR,0.02109063,2.295
ARS,AUD,0.00168721,1.284
ARS,NGN,1.3875,6.194
ARS,VND,27.75,4.574
ARS,CAD,0.00150961,1.657
ARS,CHF,0.0009768,0.817
ARS,CNY,0.00799194,1.384
ARS,KRW,1.48,3.4
ARS,MYR,0.0052169,1.739
ARS,PHP,0.06215006,3.502
ARS,RUB,0.10211592,2.942
ARS,TRY,0.03552,3.605
ARS,ILS,0.004107,1.956
ARS,KWD,0.00034077,2.497
ARS,MXN,0.01887113,3.906
ARS,COP,4.26923077,4.177
ARS,PEN,0.004107,4.131
ARS,CLP,1.0,4.874
ARS,ETB,0.06328392,2.642
ARS,KES,0.1443433,5.668
ARS,NPR,0.14760638,4.675
ARS,MMK,2.3125,6.257
ARS,KHR,4.625,4.949
ARS,MNT,3.82758621,2.548
ARS,KZT,0.5,3.202
ARS,UZS,14.10419314,3.863
ARS,GEL,0.00294149,2.996
ARS,AMD,0.43023256,3.514
ARS,AZN,0.00188698,5.446
ARS,HUF,0.39361702,2.007
ARS,CZK,0.0249775,2.382
ARS,DKK,0.00765887,1.756
ARS,SEK,0.01154446,3.704
ARS,NOK,0.01165477,2.369
ARS,NZD,0.00182039,0.973
ARS,IRR,46.63865546,5.501
PEN,INR,22.56010017,1.655
PEN,USD,0.27027,1.649
PEN,EUR,0.25025,1.714
PEN,GBP,0.21114844,1.912
PEN,JPY,40.52023988,1.354
PEN,AED,0.99192572,3.337
PEN,SAR,1.01349983,3.732
PEN,BRL,1.35135,3.831
PEN,LKR,81.16216216,6.453
PEN,GHS,3.6036,4.181
PEN,PLN,1.08108,3.174
PEN,IDR,4290.0,2.76
PEN,THB,9.86386861,3.255
PEN,ZAR,5.13528406,2.784
PEN,AUD,0.41081336,1.612
PEN,NGN,337.8375,5.104
PEN,VND,6756.75,3.613
PEN,CAD,0.36756926,1.143
PEN,CHF,0.23783836,1.308
PEN,CNY,1.94592843,1.096
PEN,KRW,360.36,3.428
PEN,MYR,1.27024487,2.859
PEN,PHP,15.13269877,2.569
PEN,RUB,24.86384545,4.647
PEN,TRY,8.64864,3.679
PEN,ILS,1.0,2.118
PEN,KWD,0.08297286,2.971
PEN,MXN,4.59486569,2.528
PEN,COP,1039.5,5.411
PEN,ARS,243.48648649,6.435
PEN,CLP,243.48648649,6.47
PEN,ETB,15.40877993,3.528
PEN,KES,35.14564369,3.264
PEN,NPR,35.94015957,3.684
PEN,MMK,563.0625,2.546
PEN,KHR,1126.125,3.691
PEN,MNT,931.96551724,5.614
PEN,KZT,121.74324324,5.703
PEN,UZS,3434.18043202,5.907
PEN,GEL,0.71621264,4.027
PEN,AMD,104.75581395,3.882
PEN,AZN,0.45945532,3.775
PEN,HUF,95.84042553,1.556
PEN,CZK,6.08168317,2.038
PEN,DKK,1.8648313,2.075
PEN,SEK,2.81092044,3.938
PEN,NOK,2.83777824,1.549
PEN,NZD,0.44323996,1.164
PEN,IRR,11355.88235294,3.723
CLP,INR,0.09265442,2.469
CLP,USD,0.00111,1.935
CLP,EUR,0.00102778,1.024
CLP,GBP,0.00086719,0.869
CLP,JPY,0.16641679,0.985
CLP,AED,0.00407384,1.616
CLP,SAR,0.00416245,2.422
CLP,BRL,0.00555,3.33
CLP,LKR,0.33333333,3.351
CLP,GHS,0.0148,5.878
CLP,PLN,0.00444,2.99
CLP,IDR,17.61904762,2.091
CLP,THB,0.04051095,2.314
CLP,ZAR,0.02109063,3.445
CLP,AUD,0.00168721,1.266
CLP,NGN,1.3875,5.56
CLP,VND,27.75,3.621
CLP,CAD,0.00150961,1.748
CLP,CHF,0.0009768,1.174
CLP,CNY,0.00799194,1.371
CLP,KRW,1.48,1.686
CLP,MYR,0.0052169,1.955
CLP,PHP,0.06215006,2.78
CLP,RUB,0.10211592,2.82
CLP,TRY,0.03552,3.194
CLP,ILS,0.004107,1.832
CLP,KWD,0.00034077,1.886
CLP,MXN,0.01887113,2.249
CLP,COP,4.26923077,3.395
CLP,ARS,1.0,3.566
CLP,PEN,0.004107,3.618
CLP,ETB,0.06328392,6.024
CLP,KES,0.1443433,3.085
CLP,NPR,0.14760638,5.204
CLP,MMK,2.3125,3.68
CLP,KHR,4.625,4.968
CLP,MNT,3.82758621,5.259
CLP,KZT,0.5,6.078
CLP,UZS,14.10419314,4.217
CLP,GEL,0.00294149,5.512
CLP,AMD,0.43023256,5.504
CLP,AZN,0.00188698,4.337
CLP,HUF,0.39361702,2.651
CLP,CZK,0.0249775,1.871
CLP,DKK,0.00765887,2.87
CLP,SEK,0.01154446,2.158
CLP,NOK,0.01165477,1.838
CLP,NZD,0.00182039,1.953
CLP,IRR,46.63865546,4.115
ETB,INR,1.46410684,3.395
ETB,USD,0.01754,1.171
ETB,EUR,0.01624074,0.951
ETB,GBP,0.01370313,1.766
ETB,JPY,2.62968516,1.91
ETB,AED,0.06437406,1.55
ETB,SAR,0.06577418,2.628
ETB,BRL,0.0877,1.716
ETB,LKR,5.26726727,6.432
ETB,GHS,0.23386667,3.678
ETB,PLN,0.07016,2.948
ETB,IDR,278.41269841,2.286
ETB,THB,0.64014599,1.737
ETB,ZAR,0.33327,3.276
ETB,AUD,0.02666099,1.286
ETB,NGN,21.925,4.923
ETB,VND,438.5,3.841
ETB,CAD,0.02385453,1.517
ETB,CHF,0.01543525,1.517
ETB,CNY,0.12628699,0.901
ETB,KRW,23.38666667,2.351
ETB,MYR,0.08243643,3.777
ETB,PHP,0.98208287,2.803
ETB,RUB,1.61361546,6.159
ETB,TRY,0.56128,3.875
ETB,ILS,0.06489806,2.232
ETB,KWD,0.00538478,1.563
ETB,MXN,0.29819789,1.856
ETB,COP,67.46153846,6.212
ETB,ARS,15.8018018,6.417
ETB,PEN,0.06489806,2.543
ETB,CLP,15.8018018,3.203
ETB,KES,2.28088427,5.084
ETB,NPR,2.33244681,4.7
ETB,MMK,36.54166667,4.651
ETB,KHR,73.08333333,4.42
ETB,MNT,60.48275862,3.465
ETB,KZT,7.9009009,6.114
ETB,UZS,222.87166455,5.543
ETB,GEL,0.04648081,4.226
ETB,AMD,6.79844961,3.472
ETB,AZN,0.02981776,3.032
ETB,HUF,6.21985816,3.674
ETB,CZK,0.39468947,2.981
ETB,DKK,0.12102394,3.13
ETB,SEK,0.1824233,3.467
ETB,NOK,0.18416632,2.681
ETB,NZD,0.02876542,1.595
ETB,IRR,736.97478992,3.66
KES,INR,0.64190317,2.971
KES,USD,0.00769,1.196
KES,EUR,0.00712037,1.339
KES,GBP,0.00600781,1.537
KES,JPY,1.15292354,1.005
KES,AED,0.02822329,2.72
KES,SAR,0.02883714,2.727
KES,BRL,0.03845,3.981
KES,LKR,2.30930931,6.383
KES,GHS,0.10253333,6.465
KES,PLN,0.03076,2.088
KES,IDR,122.06349206,2.255
KES,THB,0.28065693,1.999
KES,ZAR,0.14611438,3.08
KES,AUD,0.01168888,1.894
KES,NGN,9.6125,2.951
KES,VND,192.25,3.053
KES,CAD,0.01045846,1.243
KES,CHF,0.00676722,0.991
KES,CNY,0.05536756,0.883
KES,KRW,10.25333333,2.86
KES,MYR,0.03614231,2.092
KES,PHP,0.43057111,2.035
KES,RUB,0.7074517,5.716
KES,TRY,0.24608,2.371
KES,ILS,0.02845303,2.588
KES,KWD,0.00236083,1.834
KES,MXN,0.13073784,2.45
KES,COP,29.57692308,6.096
KES,ARS,6.92792793,3.731
KES,PEN,0.02845303,5.786
KES,CLP,6.92792793,6.258
KES,ETB,0.43842645,5.585
KES,NPR,1.02260638,3.958
KES,MMK,16.02083333,6.197
KES,KHR,32.04166667,5.189
KES,MNT,26.51724138,3.431
KES,KZT,3.46396396,4.247
KES,UZS,97.71283355,4.509
KES,GEL,0.02037842,3.672
KES,AMD,2.98062016,2.692
KES,AZN,0.0130729,5.363
KES,HUF,2.72695035,2.79
KES,CZK,0.1730423,3.845
KES,DKK,0.0530601,2.315
KES,SEK,0.0799792,1.93
KES,NOK,0.08074339,3.366
KES,NZD,0.01261152,1.099
KES,IRR,323.1092437,3.529
NPR,INR,0.62771285,2.263
NPR,USD,0.00752,1.627
NPR,EUR,0.00696296,1.722
NPR,GBP,0.005875,1.118
NPR,JPY,1.12743628,1.845
NPR,AED,0.02759937,3.27
NPR,SAR,0.02819965,3.314
NPR,BRL,0.0376,2.003
NPR,LKR,2.25825826,6.312
NPR,GHS,0.10026667,5.1
NPR,PLN,0.03008,3.324
NPR,IDR,119.36507937,2.781
NPR,THB,0.27445255,3.853
NPR,ZAR,0.14288429,2.589
NPR,AUD,0.01143048,1.349
NPR,NGN,9.4,3.579
NPR,VND,188.0,5.45
NPR,CAD,0.01022726,1.449
NPR,CHF,0.00661762,1.141
NPR,CNY,0.05414357,1.574
NPR,KRW,10.02666667,2.144
NPR,MYR,0.03534333,1.542
NPR,PHP,0.42105263,2.156
NPR,RUB,0.69181233,4.13
NPR,TRY,0.24064,3.146
NPR,ILS,0.02782403,1.507
NPR,KWD,0.00230864,3.662
NPR,MXN,0.12784767,3.303
NPR,COP,28.92307692,5.147
NPR,ARS,6.77477477,4.741
NPR,PEN,0.02782403,6.129
NPR,CLP,6.77477477,4.303
NPR,ETB,0.42873432,2.889
NPR,KES,0.97789337,3.884
NPR,MMK,15.66666667,5.509
NPR,KHR,31.33333333,3.663
NPR,MNT,25.93103448,5.875
NPR,KZT,3.38738739,3.219
NPR,UZS,95.55273189,5.399
NPR,GEL,0.01992792,5.303
NPR,AMD,2.91472868,3.728
NPR,AZN,0.0127839,4.966
NPR,HUF,2.66666667,2.94
NPR,CZK,0.16921692,1.763
NPR,DKK,0.05188712,2.016
NPR,SEK,0.07821113,1.75
NPR,NOK,0.07895842,1.65
NPR,NZD,0.01233272,0.885
NPR,IRR,315.96638655,4.04
MMK,INR,0.04006678,2.649
MMK,USD,0.00048,1.062
MMK,EUR,0.00044444,1.552
MMK,GBP,0.000375,1.663
MMK,JPY,0.07196402,1.394
MMK,AED,0.00176166,3.184
MMK,SAR,0.00179998,3.239
MMK,BRL,0.0024,2.852
MMK,LKR,0.14414414,6.016
MMK,GHS,0.0064,5.857
MMK,PLN,0.00192,3.186
MMK,IDR,7.61904762,3.118
MMK,THB,0.01751825,3.54
MMK,ZAR,0.00912027,2.24
MMK,AUD,0.00072961,1.082
MMK,NGN,0.6,4.239
MMK,VND,12.0,3.437
MMK,CAD,0.0006528,1.571
MMK,CHF,0.0004224,0.995
MMK,CNY,0.00345597,1.894
MMK,KRW,0.64,3.924
MMK,MYR,0.00225596,2.042
MMK,PHP,0.0268757,3.768
MMK,RUB,0.04415823,4.504
MMK,TRY,0.01536,3.777
MMK,ILS,0.001776,3.335
MMK,KWD,0.00014736,3.404
MMK,MXN,0.00816049,3.647
MMK,COP,1.84615385,5.632
MMK,ARS,0.43243243,4.139
MMK,PEN,0.001776,2.523
MMK,CLP,0.43243243,6.457
MMK,ETB,0.02736602,5.111
MMK,KES,0.06241873,5.756
MMK,NPR,0.06382979,3.122
MMK,KHR,2.0,6.316
MMK,MNT,1.65517241,3.51
MMK,KZT,0.21621622,3.567
MMK,UZS,6.09911055,5.406
MMK,GEL,0.00127199,4.086
MMK,AMD,0.18604651,6.13
MMK,AZN,0.00081599,3.946
MMK,HUF,0.17021277,3.085
MMK,CZK,0.01080108,3.957
MMK,DKK,0.00331194,3.54
MMK,SEK,0.0049922,2.285
MMK,NOK,0.0050399,3.976
MMK,NZD,0.00078719,1.854
MMK,IRR,20.16806723,5.791
KHR,INR,0.02003339,2.23
KHR,USD,0.00024,1.522
KHR,EUR,0.00022222,1.845
KHR,GBP,0.0001875,1.494
KHR,JPY,0.03598201,1.059
KHR,AED,0.00088083,1.869
KHR,SAR,0.00089999,3.362
KHR,BRL,0.0012,2.945
KHR,LKR,0.07207207,5.453
KHR,GHS,0.0032,3.742
KHR,PLN,0.00096,3.22
KHR,IDR,3.80952381,1.648
KHR,THB,0.00875912,1.657
KHR,ZAR,0.00456014,2.645
KHR,AUD,0.0003648,1.94
KHR,NGN,0.3,5.209
KHR,VND,6.0,3.942
KHR,CAD,0.0003264,1.742
KHR,CHF,0.0002112,1.163
KHR,CNY,0.00172799,1.546
KHR,KRW,0.32,3.547
KHR,MYR,0.00112798,2.248
KHR,PHP,0.01343785,1.593
KHR,RUB,0.02207912,2.533
KHR,TRY,0.00768,1.528
KHR,ILS,0.000888,1.95
KHR,KWD,7.368e-05,3.979
KHR,MXN,0.00408024,2.36
KHR,COP,0.92307692,4.582
KHR,ARS,0.21621622,5.699
KHR,PEN,0.000888,3.873
KHR,CLP,0.21621622,3.385
KHR,ETB,0.01368301,5.065
KHR,KES,0.03120936,4.711
KHR,NPR,0.03191489,3.557
KHR,MMK,0.5,4.388
KHR,MNT,0.82758621,2.73
KHR,KZT,0.10810811,4.868
KHR,UZS,3.04955527,3.869
KHR,GEL,0.000636,6.036
KHR,AMD,0.09302326,4.259
KHR,AZN,0.000408,3.465
KHR,HUF,0.08510638,2.448
KHR,CZK,0.00540054,3.013
KHR,DKK,0.00165597,2.086
KHR,SEK,0.0024961,3.136
KHR,NOK,0.00251995,2.583
KHR,NZD,0.0003936,0.858
KHR,IRR,10.08403361,4.292
MNT,INR,0.02420701,1.991
MNT,USD,0.00029,0.826
MNT,EUR,0.00026852,1.486
MNT,GBP,0.00022656,1.593
MNT,JPY,0.04347826,1.012
MNT,AED,0.00106434,1.757
MNT,SAR,0.00108749,3.386
MNT,BRL,0.00145,3.9
MNT,LKR,0.08708709,3.054
MNT,GHS,0.00386667,5.231
MNT,PLN,0.00116,3.631
MNT,IDR,4.6031746,3.924
MNT,THB,0.01058394,1.923
MNT,ZAR,0.00551017,1.794
MNT,AUD,0.0004408,1.431
MNT,NGN,0.3625,4.916
MNT,VND,7.25,3.138
MNT,CAD,0.0003944,1.967
MNT,CHF,0.0002552,1.358
MNT,CNY,0.00208798,0.944
MNT,KRW,0.38666667,2.053
MNT,MYR,0.00136297,3.23
MNT,PHP,0.0162374,2.444
MNT,RUB,0.02667893,5.693
MNT,TRY,0.00928,3.95
MNT,ILS,0.001073,1.855
MNT,KWD,8.903e-05,3.048
MNT,MXN,0.0049303,3.529
MNT,COP,1.11538462,4.38
MNT,ARS,0.26126126,3.555
MNT,PEN,0.001073,2.93
MNT,CLP,0.26126126,5.248
MNT,ETB,0.01653364,4.451
MNT,KES,0.03771131,2.828
MNT,NPR,0.03856383,5.332
MNT,MMK,0.60416667,3.635
MNT,KHR,1.20833333,4.957
MNT,KZT,0.13063063,5.92
MNT,UZS,3.68487929,6.36
MNT,GEL,0.0007685,3.0
MNT,AMD,0.1124031,3.507
MNT,AZN,0.000493,4.884
MNT,HUF,0.10283688,3.973
MNT,CZK,0.00652565,3.312
MNT,DKK,0.00200097,2.586
MNT,SEK,0.00301612,2.84
MNT,NOK,0.00304494,2.649
MNT,NZD,0.0004756,1.374
MNT,IRR,12.18487395,5.578
KZT,INR,0.18530885,3.045
KZT,USD,0.00222,1.2
KZT,EUR,0.00205556,1.783
KZT,GBP,0.00173438,1.574
KZT,JPY,0.33283358,0.827
KZT,AED,0.00814769,3.649
KZT,SAR,0.0083249,3.907
KZT,BRL,0.0111,2.693
KZT,LKR,0.66666667,6.429
KZT,GHS,0.0296,3.122
KZT,PLN,0.00888,3.091
KZT,IDR,35.23809524,1.681
KZT,THB,0.0810219,3.265
KZT,ZAR,0.04218127,1.549
KZT,AUD,0.00337442,1.302
KZT,NGN,2.775,3.377
KZT,VND,55.5,2.5
KZT,CAD,0.00301922,1.195
KZT,CHF,0.00195361,0.802
KZT,CNY,0.01598387,1.314
KZT,KRW,2.96,2.216
KZT,MYR,0.0104338,2.932
KZT,PHP,0.12430011,2.31
KZT,RUB,0.20423183,5.756
KZT,TRY,0.07104,2.408
KZT,ILS,0.00821401,2.076
KZT,KWD,0.00068154,2.161
KZT,MXN,0.03774226,2.106
KZT,COP,8.53846154,6.21
KZT,ARS,2.0,2.759
KZT,PEN,0.00821401,4.386
KZT,CLP,2.0,4.161
KZT,ETB,0.12656784,6.221
KZT,KES,0.28868661,3.627
KZT,NPR,0.29521277,4.056
KZT,MMK,4.625,3.689
KZT,KHR,9.25,3.606
KZT,MNT,7.65517241,5.557
KZT,UZS,28.20838628,4.008
KZT,GEL,0.00588298,2.753
KZT,AMD,0.86046512,4.142
KZT,AZN,0.00377397,3.164
KZT,HUF,0.78723404,1.994
KZT,CZK,0.049955,3.681
KZT,DKK,0.01531774,3.34
KZT,SEK,0.02308892,2.947
KZT,NOK,0.02330953,2.653
KZT,NZD,0.00364078,1.286
KZT,IRR,93.27731092,4.306
UZS,INR,0.00656928,2.989
UZS,USD,7.87e-05,1.243
UZS,EUR,7.287e-05,1.424
UZS,GBP,6.148e-05,1.032
UZS,JPY,0.0117991,1.24
UZS,AED,0.00028884,3.496
UZS,SAR,0.00029512,3.922
UZS,BRL,0.0003935,3.188
UZS,LKR,0.02363363,3.064
UZS,GHS,0.00104933,5.832
UZS,PLN,0.0003148,2.352
UZS,IDR,1.24920635,1.749
UZS,THB,0.00287226,1.711
UZS,ZAR,0.00149534,2.496
UZS,AUD,0.00011962,1.796
UZS,NGN,0.098375,6.408
UZS,VND,1.9675,3.679
UZS,CAD,0.00010703,1.769
UZS,CHF,6.926e-05,1.118
UZS,CNY,0.00056664,1.244
UZS,KRW,0.10493333,2.735
UZS,MYR,0.00036988,1.955
UZS,PHP,0.00440649,2.052
UZS,RUB,0.00724011,6.337
UZS,TRY,0.0025184,2.364
UZS,ILS,0.00029119,1.865
UZS,KWD,2.416e-05,1.997
UZS,MXN,0.00133798,3.275
UZS,COP,0.30269231,2.501
UZS,ARS,0.0709009,3.856
UZS,PEN,0.00029119,5.27
UZS,CLP,0.0709009,3.181
UZS,ETB,0.00448689,3.061
UZS,KES,0.01023407,4.229
UZS,NPR,0.01046543,4.459
UZS,MMK,0.16395833,4.519
UZS,KHR,0.32791667,6.353
UZS,MNT,0.27137931,4.294
UZS,KZT,0.03545045,5.138
UZS,GEL,0.00020855,3.722
UZS,AMD,0.03050388,3.384
UZS,AZN,0.00013379,6.189
UZS,HUF,0.0279078,2.409
UZS,CZK,0.00177093,2.07
UZS,DKK,0.00054302,3.619
UZS,SEK,0.00081851,2.323
UZS,NOK,0.00082633,2.029
UZS,NZD,0.00012907,0.867
UZS,IRR,3.30672269,6.402
GEL,INR,31.49916528,3.543
GEL,USD,0.37736,1.215
GEL,EUR,0.34940741,1.824
GEL,GBP,0.2948125,0.918
GEL,JPY,56.57571214,1.129
GEL,AED,1.38495981,2.974
GEL,SAR,1.41508231,2.18
GEL,BRL,1.8868,3.271
GEL,LKR,113.32132132,2.685
GEL,GHS,5.03146667,5.948
GEL,PLN,1.50944,2.426
GEL,IDR,5989.84126984,2.921
GEL,THB,13.77226277,1.936
GEL,ZAR,7.1700551,2.733
GEL,AUD,0.57359133,1.581
GEL,NGN,471.7,5.144
GEL,VND,9434.0,2.502
GEL,CAD,0.51321247,1.95
GEL,CHF,0.33207786,0.914
GEL,CNY,2.71697026,1.876
GEL,KRW,503.14666667,3.531
GEL,MYR,1.7735583,2.625
GEL,PHP,21.1287794,2.189
GEL,RUB,34.71573137,4.261
GEL,TRY,12.07552,3.598
GEL,ILS,1.3962334,3.514
GEL,KWD,0.11584948,2.635
GEL,MXN,6.41550493,3.323
GEL,COP,1451.38461538,6.42
GEL,ARS,339.96396396,4.023
GEL,PEN,1.3962334,3.645
GEL,CLP,339.96396396,6.142
GEL,ETB,21.51425314,5.782
GEL,KES,49.07152146,4.548
GEL,NPR,50.18085106,3.287
GEL,MMK,786.16666667,3.228
GEL,KHR,1572.33333333,5.014
GEL,MNT,1301.24137931,5.57
GEL,KZT,169.98198198,4.901
GEL,UZS,4794.91740788,5.207
GEL,AMD,146.26356589,4.733
GEL,AZN,0.64150687,4.542
GEL,HUF,133.81560284,3.535
GEL,CZK,8.49144914,3.86
GEL,DKK,2.60373974,2.992
GEL,SEK,3.92470099,3.305
GEL,NOK,3.96220076,1.503
GEL,NZD,0.61886644,1.527
GEL,IRR,15855.46218487,5.416
AMD,INR,0.21535893,2.895
AMD,USD,0.00258,0.939
AMD,EUR,0.00238889,1.552
AMD,GBP,0.00201562,1.143
AMD,JPY,0.3868066,0.984
AMD,AED,0.00946893,3.134
AMD,SAR,0.00967488,2.344
AMD,BRL,0.0129,2.739
AMD,LKR,0.77477477,2.703
AMD,GHS,0.0344,4.033
AMD,PLN,0.01032,3.141
AMD,IDR,40.95238095,3.308
AMD,THB,0.09416058,3.213
AMD,ZAR,0.04902147,3.49
AMD,AUD,0.00392163,1.222
AMD,NGN,3.225,4.222
AMD,VND,64.5,2.653
AMD,CAD,0.00350882,1.918
AMD,CHF,0.00227041,1.514
AMD,CNY,0.01857585,1.151
AMD,KRW,3.44,2.55
AMD,MYR,0.01212577,2.866
AMD,PHP,0.14445689,3.858
AMD,RUB,0.23735051,6.347
AMD,TRY,0.08256,3.759
AMD,ILS,0.00954601,3.896
AMD,KWD,0.00079206,2.517
AMD,MXN,0.04386263,2.245
AMD,COP,9.92307692,4.658
AMD,ARS,2.32432432,5.861
AMD,PEN,0.00954601,3.368
AMD,CLP,2.32432432,3.929
AMD,ETB,0.14709236,5.496
AMD,KES,0.33550065,5.7
AMD,NPR,0.34308511,3.721
AMD,MMK,5.375,5.703
AMD,KHR,10.75,3.174
AMD,MNT,8.89655172,5.56
AMD,KZT,1.16216216,6.312
AMD,UZS,32.78271919,6.113
AMD,GEL,0.00683697,5.018
AMD,AZN,0.00438596,4.112
AMD,HUF,0.91489362,3.162
AMD,CZK,0.05805581,2.249
AMD,DKK,0.0178017,2.286
AMD,SEK,0.02683307,1.88
AMD,NOK,0.02708946,2.455
AMD,NZD,0.00423117,1.055
AMD,IRR,108.40336134,4.765
AZN,INR,49.10183639,3.156
AZN,USD,0.58824,1.687
AZN,EUR,0.54466667,1.285
AZN,GBP,0.4595625,1.049
AZN,JPY,88.19190405,1.83
AZN,AED,2.15891658,2.368
AZN,SAR,2.20587243,1.83
AZN,BRL,2.9412,2.161
AZN,LKR,176.64864865,5.939
AZN,GHS,7.8432,3.521
AZN,PLN,2.35296,2.927
AZN,IDR,9337.14285714,2.023
AZN,THB,21.46861314,2.26
AZN,ZAR,11.17689531,3.409
AZN,AUD,0.89413124,1.255
AZN,NGN,735.3,4.226
AZN,VND,14706.0,3.241
AZN,CAD,0.80001088,1.943
AZN,CHF,0.51765286,1.278
AZN,CNY,4.23529412,0.971
AZN,KRW,784.32,2.57
AZN,MYR,2.76467547,1.91
AZN,PHP,32.93617021,3.047
AZN,RUB,54.11591536,5.12
AZN,TRY,18.82368,1.654
AZN,ILS,2.17649018,3.587
AZN,KWD,0.18058962,2.075
AZN,MXN,10.00068004,2.401
AZN,COP,2262.46153846,6.47
AZN,ARS,529.94594595,3.673
AZN,PEN,2.17649018,3.556
AZN,CLP,529.94594595,2.683
AZN,ETB,33.53705815,5.022
AZN,KES,76.49414824,4.362
AZN,NPR,78.22340426,3.048
AZN,MMK,1225.5,5.767
AZN,KHR,2451.0,3.502
AZN,MNT,2028.4137931,3.29
AZN,KZT,264.97297297,5.063
AZN,UZS,7474.45997459,4.31
AZN,GEL,1.55882976,3.61
AZN,AMD,228.0,4.811
AZN,HUF,208.59574468,2.083
AZN,CZK,13.23672367,3.249
AZN,DKK,4.058787,3.316
AZN,SEK,6.11794072,3.83
AZN,NOK,6.17639647,3.486
AZN,NZD,0.96470743,1.805
AZN,IRR,24715.96638655,4.731
HUF,INR,0.23539232,0.422
HUF,USD,0.00282,0.263
HUF,EUR,0.00261111,0.582
HUF,GBP,0.00220312,0.539
HUF,JPY,0.42278861,0.479
HUF,AED,0.01034976,0.877
HUF,SAR,0.01057487,0.957
HUF,BRL,0.0141,0.959
HUF,LKR,0.84684685,1.752
HUF,GHS,0.0376,3.899
HUF,PLN,0.01128,1.034
HUF,IDR,44.76190476,0.802
HUF,THB,0.10291971,0.494
HUF,ZAR,0.05358161,1.048
HUF,AUD,0.00428643,0.285
HUF,NGN,3.525,1.614
HUF,VND,70.5,1.822
HUF,CAD,0.00383522,0.259
HUF,CHF,0.00248161,0.491
HUF,CNY,0.02030384,0.257
HUF,KRW,3.76,0.558
HUF,MYR,0.01325375,0.833
HUF,PHP,0.15789474,1.183
HUF,RUB,0.25942962,3.681
HUF,TRY,0.09024,0.863
HUF,ILS,0.01043401,1.162
HUF,KWD,0.00086574,1.022
HUF,MXN,0.04794288,1.062
HUF,COP,10.84615385,2.877
HUF,ARS,2.54054054,1.911
HUF,PEN,0.01043401,1.613
HUF,CLP,2.54054054,2.544
HUF,ETB,0.16077537,1.503
HUF,KES,0.36671001,2.004
HUF,NPR,0.375,3.823
HUF,MMK,5.875,3.906
HUF,KHR,11.75,2.421
HUF,MNT,9.72413793,2.737
HUF,KZT,1.27027027,1.777
HUF,UZS,35.83227446,1.517
HUF,GEL,0.00747297,3.934
HUF,AMD,1.09302326,3.202
HUF,AZN,0.00479396,3.294
HUF,CZK,0.06345635,0.363
HUF,DKK,0.01945767,0.734
HUF,SEK,0.02932917,0.916
HUF,NOK,0.02960941,0.356
HUF,NZD,0.00462477,0.272
HUF,IRR,118.48739496,2.675
CZK,INR,3.70951586,0.633
CZK,USD,0.04444,0.579
CZK,EUR,0.04114815,0.218
CZK,GBP,0.03471875,0.556
CZK,JPY,6.66266867,0.406
CZK,AED,0.16310052,0.797
CZK,SAR,0.16664792,0.369
CZK,BRL,0.2222,0.958
CZK,LKR,13.34534535,3.525
CZK,GHS,0.59253333,2.916
CZK,PLN,0.17776,0.976
CZK,IDR,705.3968254,1.199
CZK,THB,1.62189781,0.61
CZK,ZAR,0.84438533,0.925
CZK,AUD,0.06754929,0.543
CZK,NGN,55.55,1.887
CZK,VND,1111.0,3.521
CZK,CAD,0.06043874,0.549
CZK,CHF,0.03910733,0.239
CZK,CNY,0.31996544,0.224
CZK,KRW,59.25333333,0.768
CZK,MYR,0.20886403,0.431
CZK,PHP,2.48824188,0.792
CZK,RUB,4.08831647,1.868
CZK,TRY,1.42208,1.039
CZK,ILS,0.16442816,0.863
CZK,KWD,0.01364308,0.547
CZK,MXN,0.75552533,1.054
CZK,COP,170.92307692,2.5
CZK,ARS,40.03603604,3.386
CZK,PEN,0.16442816,3.461
CZK,CLP,40.03603604,1.86
CZK,ETB,2.5336374,3.133
CZK,KES,5.77893368,3.739
CZK,NPR,5.90957447,2.304
CZK,MMK,92.58333333,3.963
CZK,KHR,185.16666667,2.11
CZK,MNT,153.24137931,2.327
CZK,KZT,20.01801802,2.441
CZK,UZS,564.67598475,3.185
CZK,GEL,0.11776553,2.408
CZK,AMD,17.2248062,2.528
CZK,AZN,0.0755474,1.904
CZK,HUF,15.75886525,0.588
CZK,DKK,0.30663079,0.882
CZK,SEK,0.46219449,0.761
CZK,NOK,0.46661067,1.158
CZK,NZD,0.07288113,0.428
CZK,IRR,1867.22689076,1.685
DKK,INR,12.09766277,0.349
DKK,USD,0.14493,0.491
DKK,EUR,0.13419444,0.4
DKK,GBP,0.11322656,0.232
DKK,JPY,21.72863568,0.311
DKK,AED,0.53191177,0.693
DKK,SAR,0.54348071,0.815
DKK,BRL,0.72465,0.757
DKK,LKR,43.52252252,3.046
DKK,GHS,1.9324,3.014
DKK,PLN,0.57972,0.484
DKK,IDR,2300.47619048,0.307
DKK,THB,5.28941606,0.872
DKK,ZAR,2.75375261,1.177
DKK,AUD,0.22029519,0.52
DKK,NGN,181.1625,3.315
DKK,VND,3623.25,1.548
DKK,CAD,0.1971059,0.574
DKK,CHF,0.12753881,0.303
DKK,CNY,1.04348765,0.299
DKK,KRW,193.24,1.179
DKK,MYR,0.68115806,0.344
DKK,PHP,8.11478163,0.658
DKK,RUB,13.33302668,2.068
DKK,TRY,4.63776,0.302
DKK,ILS,0.53624154,0.937
DKK,KWD,0.0444935,0.937
DKK,MXN,2.46395784,1.197
DKK,COP,557.42307692,2.834
DKK,ARS,130.56756757,3.248
DKK,PEN,0.53624154,2.058
DKK,CLP,130.56756757,2.329
DKK,ETB,8.26282782,3.4
DKK,KES,18.84655397,3.699
DKK,NPR,19.27260638,2.452
DKK,MMK,301.9375,2.138
DKK,KHR,603.875,2.147
DKK,MNT,499.75862069,2.164
DKK,KZT,65.28378378,3.822
DKK,UZS,1841.5501906,2.414
DKK,GEL,0.38406296,2.374
DKK,AMD,56.1744186,2.871
DKK,AZN,0.24637903,2.935
DKK,HUF,51.39361702,1.008
DKK,CZK,3.26125113,0.511
DKK,SEK,1.50733229,1.017
DKK,NOK,1.52173457,0.822
DKK,NZD,0.23768368,0.446
DKK,IRR,6089.49579832,2.994
SEK,INR,8.02587646,0.958
SEK,USD,0.09615,0.232
SEK,EUR,0.08902778,0.327
SEK,GBP,0.07511719,0.453
SEK,JPY,14.41529235,0.501
SEK,AED,0.35288289,0.32
SEK,SAR,0.36055799,0.73
SEK,BRL,0.48075,1.161
SEK,LKR,28.87387387,1.954
SEK,GHS,1.282,3.621
SEK,PLN,0.3846,0.568
SEK,IDR,1526.19047619,0.815
SEK,THB,3.50912409,0.92
SEK,ZAR,1.82690481,0.872
SEK,AUD,0.14614905,0.219
SEK,NGN,120.1875,2.17
SEK,VND,2403.75,1.887
SEK,CAD,0.13076473,0.327
SEK,CHF,0.08461227,0.454
SEK,CNY,0.69227446,0.54
SEK,KRW,128.2,0.681
SEK,MYR,0.45189641,0.452
SEK,PHP,5.38353863,0.699
SEK,RUB,8.84544618,3.459
SEK,TRY,3.0768,0.697
SEK,ILS,0.35575536,1.197
SEK,KWD,0.02951804,0.588
SEK,MXN,1.63464808,0.33
SEK,COP,369.80769231,2.207
SEK,ARS,86.62162162,2.872
SEK,PEN,0.35575536,2.757
SEK,CLP,86.62162162,3.584
SEK,ETB,5.48175599,2.051
SEK,KES,12.50325098,3.519
SEK,NPR,12.78590426,2.162
SEK,MMK,200.3125,2.937
SEK,KHR,400.625,2.367
SEK,MNT,331.55172414,3.251
SEK,KZT,43.31081081,1.777
SEK,UZS,1221.72808132,2.727
SEK,GEL,0.25479648,3.039
SEK,AMD,37.26744186,3.977
SEK,AZN,0.16345369,3.368
SEK,HUF,34.09574468,0.864
SEK,CZK,2.16359136,0.737
SEK,DKK,0.66342372,0.309
SEK,NOK,1.00955481,0.936
SEK,NZD,0.15768499,0.37
SEK,IRR,4039.91596639,2.064
NOK,INR,7.94991653,0.833
NOK,USD,0.09524,0.315
NOK,EUR,0.08818519,0.209
NOK,GBP,0.07440625,0.528
NOK,JPY,14.27886057,0.306
NOK,AED,0.34954307,1.073
NOK,SAR,0.35714554,0.814
NOK,BRL,0.4762,0.738
NOK,LKR,28.6006006,3.757
NOK,GHS,1.26986667,2.977
NOK,PLN,0.38096,0.344
NOK,IDR,1511.74603175,0.93
NOK,THB,3.47591241,1.192
NOK,ZAR,1.80961429,1.174
NOK,AUD,0.14476584,0.283
NOK,NGN,119.05,2.648
NOK,VND,2381.0,2.644
NOK,CAD,0.12952713,0.408
NOK,CHF,0.08381147,0.568
NOK,CNY,0.68572251,0.593
NOK,KRW,126.98666667,0.733
NOK,MYR,0.4476195,0.588
NOK,PHP,5.33258679,0.427
NOK,RUB,8.76172953,1.602
NOK,TRY,3.04768,1.141
NOK,ILS,0.35238835,1.148
NOK,KWD,0.02923867,0.759
NOK,MXN,1.61917715,0.394
NOK,COP,366.30769231,2.741
NOK,ARS,85.8018018,2.51
NOK,PEN,0.35238835,2.368
NOK,CLP,85.8018018,2.928
NOK,ETB,5.42987457,3.087
NOK,KES,12.38491547,3.452
NOK,NPR,12.66489362,3.552
NOK,MMK,198.41666667,1.511
NOK,KHR,396.83333333,1.911
NOK,MNT,328.4137931,2.932
NOK,KZT,42.9009009,3.069
NOK,UZS,1210.16518424,2.3
NOK,GEL,0.25238499,2.335
NOK,AMD,36.91472868,2.607
NOK,AZN,0.1619067,3.204
NOK,HUF,33.77304965,0.475
NOK,CZK,2.14311431,0.536
NOK,DKK,0.65714483,1.044
NOK,SEK,0.99053562,0.639
NOK,NZD,0.1561926,0.513
NOK,IRR,4001.68067227,2.449
NZD,INR,50.89816361,0.591
NZD,USD,0.60976,0.139
NZD,EUR,0.56459259,0.051
NZD,GBP,0.476375,0.131
NZD,JPY,91.41829085,0.051
NZD,AED,2.23789775,0.502
NZD,SAR,2.28657142,0.255
NZD,BRL,3.0488,0.483
NZD,LKR,183.11111111,1.822
NZD,GHS,8.13013333,0.998
NZD,PLN,2.43904,0.414
NZD,IDR,9678.73015873,0.367
NZD,THB,22.2540146,0.308
NZD,ZAR,11.58578757,0.255
NZD,AUD,0.92684187,0.048
NZD,NGN,762.2,0.849
NZD,VND,15244.0,0.812
NZD,CAD,0.82927824,0.077
NZD,CHF,0.53659052,0.072
NZD,CNY,4.39023688,0.032
NZD,KRW,813.01333333,0.535
NZD,MYR,2.86581755,0.548
NZD,PHP,34.14109742,0.597
NZD,RUB,56.09567617,1.573
NZD,TRY,19.51232,0.416
NZD,ILS,2.25611426,0.339
NZD,KWD,0.18719626,0.327
NZD,MXN,10.36654199,0.423
NZD,COP,2345.23076923,1.485
NZD,ARS,549.33333333,1.673
NZD,PEN,2.25611426,0.854
NZD,CLP,549.33333333,0.939
NZD,ETB,34.76396807,1.64
NZD,KES,79.29258778,1.545
NZD,NPR,81.08510638,1.678
NZD,MMK,1270.33333333,1.032
NZD,KHR,2540.66666667,1.836
NZD,MNT,2102.62068966,1.744
NZD,KZT,274.66666667,1.293
NZD,UZS,7747.90343075,0.885
NZD,GEL,1.61585754,0.869
NZD,AMD,236.34108527,1.723
NZD,AZN,1.03658371,0.939
NZD,HUF,216.22695035,0.404
NZD,CZK,13.7209721,0.35
NZD,DKK,4.20727248,0.422
NZD,SEK,6.34175767,0.577
NZD,NOK,6.40235195,0.315
NZD,IRR,25620.16806723,1.87
IRR,INR,0.00198664,3.721
IRR,USD,2.38e-05,1.831
IRR,EUR,2.204e-05,0.807
IRR,GBP,1.859e-05,1.426
IRR,JPY,0.00356822,1.562
IRR,AED,8.735e-05,1.783
IRR,SAR,8.925e-05,1.945
IRR,BRL,0.000119,1.65
IRR,LKR,0.00714715,6.008
IRR,GHS,0.00031733,5.119
IRR,PLN,9.52e-05,3.469
IRR,IDR,0.37777778,2.994
IRR,THB,0.00086861,2.304
IRR,ZAR,0.00045221,3.864
IRR,AUD,3.618e-05,0.853
IRR,NGN,0.02975,3.527
IRR,VND,0.595,6.231
IRR,CAD,3.237e-05,1.878
IRR,CHF,2.094e-05,1.932
IRR,CNY,0.00017136,1.829
IRR,KRW,0.03173333,2.769
IRR,MYR,0.00011186,2.151
IRR,PHP,0.00133259,1.965
IRR,RUB,0.00218951,5.664
IRR,TRY,0.0007616,2.827
IRR,ILS,8.806e-05,1.889
IRR,KWD,7.31e-06,1.566
IRR,MXN,0.00040462,3.415
IRR,COP,0.09153846,4.371
IRR,ARS,0.02144144,6.303
IRR,PEN,8.806e-05,3.269
IRR,CLP,0.02144144,2.747
IRR,ETB,0.0013569,3.725
IRR,KES,0.00309493,3.64
IRR,NPR,0.00316489,2.506
IRR,MMK,0.04958333,3.945
IRR,KHR,0.09916667,6.156
IRR,MNT,0.08206897,5.756
IRR,KZT,0.01072072,6.307
IRR,UZS,0.30241423,2.884
IRR,GEL,6.307e-05,4.625
IRR,AMD,0.00922481,6.135
IRR,AZN,4.046e-05,6.059
IRR,HUF,0.00843972,2.296
IRR,CZK,0.00053555,3.804
IRR,DKK,0.00016422,3.479
IRR,SEK,0.00024753,3.236
IRR,NOK,0.0002499,2.055
IRR,NZD,3.903e-05,1.386
